ID,pm2_5
ID_UOH62J0XHX,0
ID_4OPWSB0UHJ,0
ID_3SLMNNG1Z3,0
ID_MFUHTXYPM4,0
ID_TY1DAND8ZP,0
ID_1G270NSQ7O,0
ID_OLV7RAEKGP,0
ID_2JQD8OKWXK,0
ID_3PC4T4W9JW,0
ID_TYK7E1D8DN,0
ID_R1WW15T5LT,0
ID_O8UUHB8DKP,0
ID_IXSSO19IJX,0
ID_8X0QTNB7A2,0
ID_JROQ2AABRT,0
ID_1KRJM4ENT5,0
ID_HRL7K5KPBU,0
ID_3UTEJWPM7N,0
ID_XRYR12FBYP,0
ID_2H6QCJ2YD7,0
ID_GZ63OJOJZY,0
ID_9Z87TVPT30,0
ID_XWOWCZ4RJC,0
ID_HMTU9VXHSD,0
ID_6QBGNPFSOG,0
ID_1R91EAFMNT,0
ID_F7WJTZBFO8,0
ID_Y0GK0VPRAF,0
ID_Y4D3QTZE98,0
ID_XB5WV935HI,0
ID_2NLTF3MQM6,0
ID_MQC7UTXAIA,0
ID_OGTJANDL2E,0
ID_WY0MFYITBV,0
ID_I03RWBD01Y,0
ID_T6C32N83XZ,0
ID_UO4JGFTNYN,0
ID_TLGKYPE57L,0
ID_180TGTH9JT,0
ID_6CW0GWGP38,0
ID_PSXFY2WRY2,0
ID_RMWNZSTWP1,0
ID_MIUHMB3XW0,0
ID_0A4IE4DAGX,0
ID_8BVM18K7NS,0
ID_5ZOT2BBIXF,0
ID_V0T3SAHM0K,0
ID_6UHR0WHZCM,0
ID_EMJE7MNR76,0
ID_LJTYGGU3O0,0
ID_P01OEMX18D,0
ID_LB5HKF4UMZ,0
ID_OM7E52AXLV,0
ID_WIBFBE1A2M,0
ID_R4YCBZ1K5R,0
ID_FVYVM7SYO8,0
ID_2U6LHJMUBY,0
ID_SMKXAKHJU7,0
ID_1P6K0SCZBU,0
ID_1PFYD5BYTC,0
ID_0OTDGIB0F0,0
ID_GACD2TLO2E,0
ID_MGI2BLFTGC,0
ID_HHRX2CYTAA,0
ID_BO5Y2EFB1X,0
ID_H7LV4G8O5Z,0
ID_TDJVP5CGHE,0
ID_ELM73KJJTG,0
ID_96VK3G9SQS,0
ID_P60DVQ5TW9,0
ID_HUMW2QIMC7,0
ID_Q81SOISJBI,0
ID_RUZD9JM3ME,0
ID_WL2HRK7G1F,0
ID_PKFWCGJ684,0
ID_RKQ1GZV1BM,0
ID_4537KW6C3A,0
ID_ORTJVX4OLA,0
ID_E489UOSV2T,0
ID_4AO2VOWK3L,0
ID_U8I0ROJ22N,0
ID_WUSRAB8B27,0
ID_V80HG4ZF5D,0
ID_KUQA7C67HE,0
ID_7IPGEJ2U8U,0
ID_AV5E4FYZTS,0
ID_FR4HH9VUFB,0
ID_W2BM1DX5O3,0
ID_MWKWQL9OTK,0
ID_7PE0SD0C48,0
ID_5WH0GNLFHM,0
ID_W4S9WRFJ4J,0
ID_XS4LT0DSZ8,0
ID_W6ZYBZ92DU,0
ID_F2K44TATG0,0
ID_6B2ET0B86P,0
ID_C9E3GE0WC8,0
ID_6YU5I8KK45,0
ID_BUGTNRCI81,0
ID_9C9FBIQ0NL,0
ID_SL5BOD4AOX,0
ID_7SVXUORZ50,0
ID_INZCTLF2HK,0
ID_NYP9KB685J,0
ID_2NYG3LEVBU,0
ID_ACDSQ7ROWL,0
ID_YEE2EUVHGX,0
ID_OCL7REK9S2,0
ID_GS13EAU4U9,0
ID_T0YBHFY238,0
ID_7E5G3QZQ1H,0
ID_7PM5TZWBSX,0
ID_BKC7HSY127,0
ID_ODAKBEFSS6,0
ID_EURVPFZYGK,0
ID_WAWOO73WEM,0
ID_I5LF01UBZ4,0
ID_J0ACGPSBDB,0
ID_DJZDSO6TR4,0
ID_UPHGDMJ70P,0
ID_3HXR79RX64,0
ID_ZS2RAN8HZT,0
ID_25614NTIBA,0
ID_ICH3NSP9E0,0
ID_H98UPTN6T5,0
ID_KLMS85YB9U,0
ID_1XBC9VJN0S,0
ID_O7KWGCQFRT,0
ID_16AM7J6CDJ,0
ID_DWS92UYXPY,0
ID_ZP8NTEYW5W,0
ID_EE0EXV4T1F,0
ID_JV46SXUZSA,0
ID_XORQ2CEIHG,0
ID_PQ8HOTK6AI,0
ID_ENLXB1LDEV,0
ID_RKUUFCPVPJ,0
ID_EU7154G09Y,0
ID_XVVDCEIJDL,0
ID_QP7GP0POJB,0
ID_S8LONKM3LS,0
ID_725GBLCIUK,0
ID_OXI6IPEUIG,0
ID_QUS51L3RA1,0
ID_0TSDHFS0JQ,0
ID_WC1GNVXD13,0
ID_DGPR6T1U81,0
ID_MAZ1FZ7LWH,0
ID_Z9G1BKIQQT,0
ID_8OGN3JY9EX,0
ID_V3BSGKA7Q2,0
ID_L4A464LQE2,0
ID_PY5C0DH2P5,0
ID_9CUYGW0GY2,0
ID_TSOY3X8CXU,0
ID_BYL5JF6ARM,0
ID_ICOTP9BQO0,0
ID_6GBP9DUJ52,0
ID_5E6TQPKD7W,0
ID_M17T4RO4CP,0
ID_H68HG7CE8V,0
ID_TQSEXBCHZP,0
ID_PJ2YM9376C,0
ID_S8JGW7T7QD,0
ID_3YWDQLGAIG,0
ID_QPY9O521IM,0
ID_8COKWZ9PVS,0
ID_2Z9NP274P7,0
ID_NIUSLRJNWR,0
ID_HALHKNIVZU,0
ID_87NCNY5L2X,0
ID_D9O02ZWRCM,0
ID_2W24LFWQB5,0
ID_KWXBBHP1ES,0
ID_DR46LDACSK,0
ID_C0Q4MBIMCZ,0
ID_TUX5QEDIQ4,0
ID_DQKGLJ1A3J,0
ID_7AJY1B87S6,0
ID_5HNRIL4ALT,0
ID_3MVF0U9GPS,0
ID_3L6ZHAUZ9A,0
ID_77OFQC2B9T,0
ID_2ZNR1ZRV6G,0
ID_CS4DW5AOBV,0
ID_MQN2ZO71WL,0
ID_Y5MFPS9V8N,0
ID_ENGQ5SNHEZ,0
ID_K2DJL2RLL9,0
ID_J8T71SFX53,0
ID_N0D6MYLTN4,0
ID_CPDUXJ5QMW,0
ID_J3GMVMNRDU,0
ID_LYL897HFZK,0
ID_US1APY8TJ6,0
ID_5KGRBU96BF,0
ID_RMHHD1789M,0
ID_CAPQT9PZDP,0
ID_9X7JBIAQJF,0
ID_YSEX9JP2HI,0
ID_7ZI3RSEVYE,0
ID_YM5QAUNVEX,0
ID_LAY56U95OD,0
ID_TVVDZIJP8L,0
ID_6OPGARSMRQ,0
ID_ST9UNRXD99,0
ID_O39H79BX0R,0
ID_PF39WH1BA1,0
ID_9CDG52QKGL,0
ID_4LEB7OUOE9,0
ID_IFUR999PNS,0
ID_G1CIYDLFJ2,0
ID_2K96VSBLYO,0
ID_VA0GZI5361,0
ID_1MHJE2UX2T,0
ID_5EW0V1KFZG,0
ID_V0X6ERS6RP,0
ID_CEVYPKUPGM,0
ID_0EB8JJD0NC,0
ID_FGGQYDWVTQ,0
ID_6EIDPBL2IV,0
ID_9E05RK9J1I,0
ID_9H5M9JNTH3,0
ID_KQLZJUOMT8,0
ID_CC837U1VJ3,0
ID_24GQBO02D3,0
ID_DXZNQJN56R,0
ID_I4SUDJ94K8,0
ID_T1JW2J6M6L,0
ID_QV6ZVARLJJ,0
ID_KA0HDHCUUR,0
ID_1ECBO3DZLZ,0
ID_BYACOD90Z7,0
ID_IO4RS7JS11,0
ID_4EKCLXMCA5,0
ID_BKMO8P6B2O,0
ID_6W9D99LCCY,0
ID_W4YNS4FSA3,0
ID_TCPOW3K1K5,0
ID_EEVBN4SPAY,0
ID_GPIBHXEA38,0
ID_SP13SH430M,0
ID_TJZ2E12X5U,0
ID_6HFGZVMHPM,0
ID_5LF6WFA8JD,0
ID_NFK2ZGH79M,0
ID_X22888DSYC,0
ID_QJM1ISGQ2J,0
ID_KRRF2JRS9H,0
ID_ASRSLCFQTR,0
ID_CVZ2Q3F72F,0
ID_ZGXA7UNKM3,0
ID_FPAARFS7XE,0
ID_6NBTWSKY8V,0
ID_IWI965GGVR,0
ID_9J81KB0QWX,0
ID_B32H5GN95U,0
ID_BZCBZZYS5Q,0
ID_LPNE0GFPRC,0
ID_WUB947WQFS,0
ID_12YA0BH5JB,0
ID_8YJYRIWHPT,0
ID_YK4J61W5F1,0
ID_CVR05OM33Z,0
ID_SHQWFPBQXJ,0
ID_Q7B8KPJC08,0
ID_0Q8XYFMKVT,0
ID_S31973OM5K,0
ID_LBORWBBC3Z,0
ID_7G3QQ1PY8W,0
ID_KBXL8KW2KF,0
ID_8MKVY3S1MA,0
ID_9YRS6DML6Q,0
ID_UQHBBQTDM0,0
ID_J4WU4HME5L,0
ID_QIBH23AKMF,0
ID_9OS2FMDALP,0
ID_7VV1V6MUR3,0
ID_UHTL9GUPNA,0
ID_F33SVRJFDR,0
ID_L7PIJT0MW4,0
ID_FQ7TS77TV9,0
ID_0SQKR2QWMV,0
ID_9YBX20UHIZ,0
ID_OO1TMASHWZ,0
ID_YXPFPKYAQJ,0
ID_SQKHZLM7WH,0
ID_QUJR1ET3PD,0
ID_X1M0YZLENY,0
ID_4IOBEZ8M1K,0
ID_1K5TS8M0PB,0
ID_67D29DBLIA,0
ID_0YAQOTWT65,0
ID_XF2I77BQA3,0
ID_IEIDS6DQ83,0
ID_PZXYF1450U,0
ID_U730HNNMLU,0
ID_Q5ASKQOA8L,0
ID_3USZMZI2S9,0
ID_UCT4SQPUZ3,0
ID_R0ZYI1AVCL,0
ID_Z7676C7401,0
ID_28L5OPEBLY,0
ID_L577LPZP6M,0
ID_9TG0UHF6LW,0
ID_M9GPZ2I4IS,0
ID_B2AXFB9A69,0
ID_N6CP03PQ18,0
ID_CTZP4NGELC,0
ID_1DFI5NW1H7,0
ID_HVBB2BFE0L,0
ID_1FZZ7MRYG3,0
ID_ZQWK0YSOV6,0
ID_WBKQNMPIQN,0
ID_WTREGGM27W,0
ID_UR7JFCH3VW,0
ID_ZD0LX56M1L,0
ID_P64RLY6668,0
ID_9RQ2QYF4Z1,0
ID_O6EDFZT4Q4,0
ID_IQPULUCJTV,0
ID_XW4BHU03XP,0
ID_Q7QIXA98QO,0
ID_A69IJ6B47V,0
ID_7SBKG9FGAY,0
ID_V9YA4AFSVT,0
ID_B04SV7KJXY,0
ID_ASH6XKV18F,0
ID_X8CA3UQ7PZ,0
ID_BODZ055V84,0
ID_0R9TJ219RH,0
ID_XNT8B4JF70,0
ID_1U2IP1M8W5,0
ID_W311WPRP7Z,0
ID_KAF4URXW1V,0
ID_836F33ZUR1,0
ID_0JW0HX8SXC,0
ID_G8EU2K2JZ9,0
ID_DHPYPOYRP1,0
ID_BEFQJYP8GR,0
ID_TTU6Y38FFB,0
ID_CKDU0LUD5Z,0
ID_M8KNUAUGCQ,0
ID_J7R3N51HLT,0
ID_I8QSRSTQ9N,0
ID_QSEGFSZSTX,0
ID_R3F80YSWG2,0
ID_8DOMB5TZG8,0
ID_MU6W6ZH0J1,0
ID_OC21YTIKX2,0
ID_8XWZKE1SU1,0
ID_UMEOTJO37F,0
ID_0566S26EPT,0
ID_OB2UOGPG2L,0
ID_HEA7H5ZUGK,0
ID_K53ZM64579,0
ID_PTXHIVNT8C,0
ID_52OFHFWXGN,0
ID_4GV29DKR70,0
ID_RG4DE0P37S,0
ID_T36M18X15K,0
ID_B8S5PSSO76,0
ID_52490JC9QT,0
ID_4YA8UFFHR4,0
ID_ZNR0YIU5VI,0
ID_MWZTUUIRX1,0
ID_4RF4NFXRVU,0
ID_HKMEN4UTXD,0
ID_II8VX5KQ96,0
ID_MI8RJSUZGF,0
ID_NFVX9K3TP6,0
ID_3HZSG57UYC,0
ID_NJZ2G59PVR,0
ID_ZMQ6H2DJ5Y,0
ID_K74WGGS9YC,0
ID_14EJPPER5W,0
ID_HBN9L8FZNH,0
ID_7JWQYH20SK,0
ID_K6GA34H5K7,0
ID_7EBQI2OXVA,0
ID_QR0Z1D33UY,0
ID_FO4YN5QN6I,0
ID_HK1KLZKJON,0
ID_8P2YKL08PE,0
ID_Z0Y3AJD44E,0
ID_IBAGIKOCLH,0
ID_4FQN6A09CA,0
ID_16WEFSUPH4,0
ID_3L385E2YE5,0
ID_DL3PEQIR8K,0
ID_BX01ZBA9ED,0
ID_OBX51J64W0,0
ID_9YCFMQOYBL,0
ID_EJI7U0IDIP,0
ID_O8Y7MZ2DMZ,0
ID_KR0Q1C5KH6,0
ID_49EQ2C79SF,0
ID_MVNAXX7H2A,0
ID_V94JCJ2DI4,0
ID_U0TS93FGJ9,0
ID_TUH6UIBRC7,0
ID_ULIYOYG962,0
ID_GXZQ91DKJ8,0
ID_5SZOJU5WAD,0
ID_PPUKUW6MJ2,0
ID_3Z08D10LNJ,0
ID_VCJRQADD10,0
ID_DAA7CB5FD7,0
ID_B0VZVCISH2,0
ID_ZEBNN3J7AZ,0
ID_K8IJM73UB3,0
ID_EJIIKCE8IN,0
ID_59RKVC42DI,0
ID_I81E9INSB4,0
ID_SIAXRWUL7P,0
ID_2V3MG4UCBE,0
ID_O8NU1CWC41,0
ID_N5LTEXAKZ6,0
ID_XOARUKHGZT,0
ID_5AJV5SSL8V,0
ID_6EP98EX9GB,0
ID_FJUFBM4B7K,0
ID_GTSSPSCJHC,0
ID_RPT6QAOFBA,0
ID_LKDYU08D31,0
ID_YX189OQ2TJ,0
ID_M9BHIBRDH6,0
ID_AT3MZ4T4U8,0
ID_ZFRSJ72QD4,0
ID_3UUX4JD888,0
ID_SQKNAPLGWC,0
ID_XQHU4CHO33,0
ID_EGURBOFS9Z,0
ID_GSN0RL7ZBH,0
ID_OPDQO5BXJL,0
ID_EJNTJBFNR2,0
ID_Z4MSNN99JC,0
ID_PDWP1243E7,0
ID_97P2O7ZL9R,0
ID_LWLGD08IH8,0
ID_W70IHIXHUA,0
ID_OLR438HCBJ,0
ID_MYHD1LFE48,0
ID_CTCCLMHC4C,0
ID_8IK0RAEF75,0
ID_39YP3XODVJ,0
ID_UZJES8L5O7,0
ID_NVDVNY09N2,0
ID_4NJMM0UG21,0
ID_X06B5P9B80,0
ID_LNJ6677IKD,0
ID_PMHHKF5SNB,0
ID_IH3BKSWB7D,0
ID_VKVE7OHVBE,0
ID_PPT3DQJCQN,0
ID_NR44R6MKBP,0
ID_S4VM7JFNLF,0
ID_Q0O2NKSZJD,0
ID_6SAEPHNS8D,0
ID_44N3OQ5N95,0
ID_5C7Y47AKA0,0
ID_9T0AOMNK6S,0
ID_UC9TILII3T,0
ID_RU0LQVNHOV,0
ID_DMPQZ8K82D,0
ID_B2USPW8T8G,0
ID_RJFWWN0K5I,0
ID_4S1YEKD0XW,0
ID_LDE5S8AK5X,0
ID_NB7MB5181K,0
ID_BD0SDU1VXC,0
ID_F8DU5U9BPB,0
ID_JG8WI5WKCP,0
ID_QMLQWZ5XVS,0
ID_53M3F2II9L,0
ID_0EIHNNFDKI,0
ID_0R6YWCHYH8,0
ID_A84AS8ENMP,0
ID_OEM5XHXCZX,0
ID_LRTRL4E5IA,0
ID_0UGELYE3SK,0
ID_P3W21YJ3X8,0
ID_JL4HNDEH7W,0
ID_LQKFPXFKDU,0
ID_XP9C7DRG72,0
ID_IBW5Z1OBR1,0
ID_XEJLWWFF7D,0
ID_D9HX73XS0D,0
ID_6DZA0XV1ZT,0
ID_6S3JJM271U,0
ID_8WP2Z4LPBI,0
ID_8MI7YWNQWR,0
ID_Q5XI854X25,0
ID_TVITMDJ8OD,0
ID_K6J3JNLQGJ,0
ID_TN6HR118BX,0
ID_R6CDX7BSOX,0
ID_YCEPAJ3RIS,0
ID_O8HFZSG2EE,0
ID_KBU5F4VF19,0
ID_JQGTVU6B7T,0
ID_EKNH18EPYS,0
ID_7CYZTZBX9X,0
ID_CJ7RNBA750,0
ID_ZJFO5RLFIT,0
ID_M3ISFMWTO7,0
ID_UEVJWNL1NQ,0
ID_TZI1NTD99A,0
ID_9SQKHTFDF3,0
ID_X1US5IKBHP,0
ID_WKBFKYGPZN,0
ID_MDIYW01WDG,0
ID_YI5MOPPNSW,0
ID_9086Y2DNO9,0
ID_QN8VHC3VJW,0
ID_R2UCFYM17Z,0
ID_9APCZCGD9O,0
ID_9BN22I71MX,0
ID_K9CMSADO8H,0
ID_9WSFH4CXEV,0
ID_XN7O7GC7UR,0
ID_QMX8K96QPY,0
ID_1S21YZWK4B,0
ID_WWKVRW0719,0
ID_UZWPD08GXP,0
ID_REGEBGC921,0
ID_C51M9BLLIA,0
ID_LB7BFJFV1L,0
ID_HLSW2VY8BE,0
ID_49ZN1SUK0T,0
ID_VDYT3EZP2Q,0
ID_8R19HLDNG4,0
ID_IR69L44YAM,0
ID_R7DK91GLXK,0
ID_W777B6ISYJ,0
ID_KGKFARY7OT,0
ID_ZWKQ14DYQ9,0
ID_IEMLO6MJFE,0
ID_HCAR38CNFU,0
ID_ZWIBX0X9YV,0
ID_W68603OR3H,0
ID_PBHRX2WCOE,0
ID_GH98JAVY21,0
ID_7GDSYB1KLI,0
ID_1BVBBBJSWC,0
ID_DQEREOKS38,0
ID_LYARQLDVG3,0
ID_9YI4XYTHL0,0
ID_9KNM0YM851,0
ID_DQLI6JG0J6,0
ID_83IWONCQUM,0
ID_JUFVJN4DIF,0
ID_ZPDZTL45QG,0
ID_D6W2DUVFYN,0
ID_CSPFXN8MJA,0
ID_IS3QI6V0YQ,0
ID_C8CE73M4N1,0
ID_QWWPH6RP3A,0
ID_EHF3BRORN4,0
ID_QRUSS04RW4,0
ID_4AN4DBCQ5A,0
ID_E4UEJP3E81,0
ID_FNBWFPXQZS,0
ID_K8W4ZC76YN,0
ID_SJPCYBVN37,0
ID_B7Z1Z9GWD9,0
ID_GC4V5YESN2,0
ID_02OCZMUKR3,0
ID_8Q4FBKSQQD,0
ID_U391TAJEU0,0
ID_TWK5XKQ77E,0
ID_C7X36K7SL0,0
ID_4US6JR820A,0
ID_LKCMUBXZSM,0
ID_8UENY1IWFA,0
ID_ACB434CIQF,0
ID_HP7974QKNG,0
ID_3WRCONN6A3,0
ID_EL4UR1FC1L,0
ID_Y37F607O1C,0
ID_XCJVHRH4NG,0
ID_CI4FQRV6JM,0
ID_W70NQ8WSA5,0
ID_D2NC04F60T,0
ID_QR9LZ6UTXP,0
ID_RUTLXREDQR,0
ID_2FKUO0VFBJ,0
ID_G8JRW1KGNE,0
ID_6AR15EWJ05,0
ID_S5S8M2T65O,0
ID_9ETAXVG02N,0
ID_J3J9CEUVX9,0
ID_CKAII8W8RY,0
ID_TG6HTR9HRG,0
ID_8TM1K8RP6Z,0
ID_VJA6OZABNY,0
ID_PR0HFCIVXI,0
ID_183OSRPDAE,0
ID_X30GNZD1WC,0
ID_QDU68CX7XN,0
ID_JA46G4D2FP,0
ID_XYAP6N6A8N,0
ID_5B9W2MZZCV,0
ID_AHNS5HZD09,0
ID_4HRRBN51Z0,0
ID_97DEXZ2NCT,0
ID_8N0QFLNKEW,0
ID_Y6I6N51JS5,0
ID_MVL8B6WOGY,0
ID_9EYU1FGTYE,0
ID_13JGUWW1SG,0
ID_SMBTQQWLH3,0
ID_FHFG0DLU8R,0
ID_ENAN4DR6OU,0
ID_TIKEN8H2DR,0
ID_23FEWDPVXO,0
ID_OWHZAU4FB9,0
ID_NQFT248FIP,0
ID_3NPCQWOY8M,0
ID_M9GNKBY0FF,0
ID_GCKF3NRI3X,0
ID_EBOIT6VYTT,0
ID_05MGWRI5TK,0
ID_80J51XN89Q,0
ID_0776LFPOZQ,0
ID_MTUB6463AF,0
ID_03G2HNG8CT,0
ID_L7UFZ2CXO6,0
ID_13YMR4MIMX,0
ID_27Z1P99T2R,0
ID_9O6CIXY4OA,0
ID_S0BHI7U03F,0
ID_38D7O3D7OQ,0
ID_KLUBK9B68H,0
ID_0PFWGHLFXP,0
ID_M45JQ3KDI8,0
ID_0GBB1MKQ44,0
ID_P0HWGANFOE,0
ID_AOOQQQNB4U,0
ID_61HFJLAX0W,0
ID_ELUPG50R9D,0
ID_NOBV52ULY4,0
ID_U5X6QIHSSP,0
ID_BQAB3Q3VDT,0
ID_YNMUNX55XT,0
ID_7859324RZM,0
ID_VOVN9C7S1Y,0
ID_59VIQ6BUCY,0
ID_LS7VDBZ5E2,0
ID_459C4YVU1P,0
ID_K3BHXI68C9,0
ID_VOOGRW3OG1,0
ID_C1AKU2AHB5,0
ID_I1L6YQVW85,0
ID_ZF7U3N95ZO,0
ID_XVNVBNWAM7,0
ID_ELPSB9025A,0
ID_LJY9ZJF5OQ,0
ID_8EVJQ54OG3,0
ID_O3CT5K92KR,0
ID_FXXFQMD13I,0
ID_L4ZSZVAQN4,0
ID_20LDFS74R8,0
ID_96PG6X47EL,0
ID_ISSP6WKF0N,0
ID_54D9ID54XV,0
ID_3AZU3I71OV,0
ID_AP6ATD5P48,0
ID_CS6W6H3CSN,0
ID_SCG49S0021,0
ID_K0K3JJ6DV6,0
ID_E366PDUP1Z,0
ID_XNLI7PRU58,0
ID_QKC6WUWK1E,0
ID_99W7RNLUIS,0
ID_QVRFSLG3CR,0
ID_CJT87KA22Q,0
ID_QAA2D2VCT2,0
ID_7J9S6LTSIK,0
ID_UNFP1LR0U9,0
ID_OGTRBX1867,0
ID_DULTJQG5WI,0
ID_FR1CH4HSIM,0
ID_CR2ZDUE0VL,0
ID_BQQ1UIB2AV,0
ID_XCKYM051QD,0
ID_Z1VWNBKSYW,0
ID_HWA7K51S6N,0
ID_OJNHCM2DM8,0
ID_CB6MH26M40,0
ID_T0N8DGLZJB,0
ID_B7UK129BLM,0
ID_TTD3864KNW,0
ID_BAQFM0GOAN,0
ID_KO8AGI4MKJ,0
ID_SANGBH7Y12,0
ID_4J1XV7E238,0
ID_J9FFI7D6K3,0
ID_7BKY2PHLDB,0
ID_STLLGM4V3Q,0
ID_WGZMXJXIM2,0
ID_2SLT9P3LU7,0
ID_V9POV1OY4A,0
ID_RZASVTWNJ7,0
ID_NGV2OS5O3U,0
ID_EA0GTSZVZC,0
ID_PTA59GGE0F,0
ID_TG9ZZFS3AX,0
ID_E830BTC5VL,0
ID_B5TWL1QYCQ,0
ID_12DSVYF7B3,0
ID_9CRIV0PIHP,0
ID_VJEQAFY8CS,0
ID_TXQHKU2ZNQ,0
ID_8VJON99514,0
ID_L9N0JPGITM,0
ID_9YKPW98E2L,0
ID_ZIB8JIP21F,0
ID_RP8P69OEFP,0
ID_7UYQWX1WJF,0
ID_0MYYAURONU,0
ID_ZNLQ33NK1D,0
ID_XKC7WOR5SD,0
ID_ODA2HDQNL5,0
ID_MIYAWL9VZD,0
ID_2L5G1NSXME,0
ID_LRWHFO03MK,0
ID_8R7EQ48M6D,0
ID_N9X3HCMUEQ,0
ID_FXA2VY7KNH,0
ID_2WBQW9051A,0
ID_EDBO3CE9UM,0
ID_4FYPIFQJIJ,0
ID_GVQE557HA0,0
ID_4YAZ1FBMMO,0
ID_29G92TPOYI,0
ID_LZECZ9MGCA,0
ID_8ND0KO3ZX8,0
ID_Q6RBL64F61,0
ID_BKPDVS8JCJ,0
ID_XJRLPN0K2Q,0
ID_HH4X6AIYCF,0
ID_ER6E5AMQYI,0
ID_AI0CJYMALN,0
ID_BLJDGZI99Q,0
ID_XPGLZI3PGB,0
ID_MBB89XM2G5,0
ID_GWQAKDNQNW,0
ID_7VZHACHS0T,0
ID_UMRO174P59,0
ID_8JPX2POPNL,0
ID_R8WEJKFO6B,0
ID_HQ76SUF0GH,0
ID_7JDI1GLVCE,0
ID_K6547EBC31,0
ID_H16B5X3O23,0
ID_ZZBO5SY8WN,0
ID_FTQ8APEFX5,0
ID_7WDMPH3RX0,0
ID_VVQ0PGVV89,0
ID_HEZBYPN29N,0
ID_NX1GULE9R0,0
ID_AWWS2TKU96,0
ID_IW68DSEI9L,0
ID_GNJ5Z86MG9,0
ID_0E9ZWUNA5B,0
ID_TH9QIOV0FG,0
ID_BAHZS7Z16B,0
ID_GST9JR00SR,0
ID_QCM0YF9SKH,0
ID_DRCJ1X45Y7,0
ID_V8WP5LEQQH,0
ID_OY3TR9JGJ8,0
ID_I3KNEJXQM5,0
ID_O7CJPZZHW5,0
ID_K35N9PGXOL,0
ID_MB3ZXK3WLX,0
ID_Y1IP9KLRRJ,0
ID_9UMAKB56CQ,0
ID_4OJTADYCIX,0
ID_04V2ICUU87,0
ID_KNIQNH5RM4,0
ID_30PS9MJA57,0
ID_FQ0BR8KD4B,0
ID_3XL65RFAKX,0
ID_NSJ9OAVGP8,0
ID_DWB66M0MB4,0
ID_DLMSFACIWK,0
ID_YEE9WH5F8R,0
ID_DI9NOANQC0,0
ID_09766ULCKK,0
ID_ZNVMJZ6VME,0
ID_AO2OV5MAZI,0
ID_5AH7OL4YNS,0
ID_0W4NPPEL1S,0
ID_2J94C33V2M,0
ID_WMW3IDKNGX,0
ID_AAJ6GGPHMB,0
ID_205IPTHB9H,0
ID_21I4S81V8T,0
ID_WI4LSWPH4C,0
ID_9ZCO5YVLDZ,0
ID_SLHUIFQQPE,0
ID_PX9YP6G42I,0
ID_VYXOTJ8KKD,0
ID_9SIXHIVJD4,0
ID_82XVONTG7N,0
ID_HQY2WO7Z0L,0
ID_DLHAJUW3B5,0
ID_8VVC9UG4GD,0
ID_HY2MHENW1M,0
ID_SIT0DW906U,0
ID_Z9AZ5H3BXX,0
ID_1RA3W4OYG5,0
ID_SUZRKJWL5T,0
ID_1MRC0JHATU,0
ID_ZBW3EJ2PJI,0
ID_ZB64W40QQ9,0
ID_MJCLCYD38D,0
ID_2LL5Z11GS8,0
ID_WZFRBGMQQK,0
ID_FL93K4KP3R,0
ID_46428N98MW,0
ID_B62BPN91UV,0
ID_5XFHJ92LB4,0
ID_B0PZUNTU5L,0
ID_7A690YR5TE,0
ID_AOHOC89T4P,0
ID_P9ITSLB3TD,0
ID_QARTR4HDCO,0
ID_7ZDRUM61NG,0
ID_6WIBBIL8VO,0
ID_8A527EFD5O,0
ID_S6STMSPN0G,0
ID_0NKWGU3SBR,0
ID_H3DC6CHQ2U,0
ID_N16M8HC10T,0
ID_LNE5BI6KV1,0
ID_QVFZEX4Y3N,0
ID_ZL8RLFR78V,0
ID_LZTMOEE6N0,0
ID_O0HGCQLB8V,0
ID_RAKXYOT3NH,0
ID_CD0HPWWNK1,0
ID_RN5JF8IEIM,0
ID_WLDKWK0WY3,0
ID_M1LXKIEGNL,0
ID_WQXB9JTNJX,0
ID_9GXK9ASZC1,0
ID_S1H3BWM7VK,0
ID_3WA3LYIE7P,0
ID_U1BDB68YXR,0
ID_SH7V0SFG6K,0
ID_2CT6TAHO4Q,0
ID_5ZYW41HP4C,0
ID_Z2LGSC8QI5,0
ID_9EVEC16L95,0
ID_IXM47G9K0P,0
ID_OEJ6WXXSRL,0
ID_WVQ7RYERJR,0
ID_Q8RLP9P2ZA,0
ID_7QFM4I5ZWV,0
ID_XBTU13R4C6,0
ID_64MHWVXLKO,0
ID_92GZZNDRKZ,0
ID_GHVLBAGB2F,0
ID_3ENQ45ACRD,0
ID_L0UU31HZQF,0
ID_EOL9I8NI4P,0
ID_T9FLL99YJ3,0
ID_3RR0MML4BK,0
ID_Q2LOBYJEV5,0
ID_LJL5XLXIXZ,0
ID_ETOTFTAFA0,0
ID_BF1N32I20H,0
ID_N5J9OKHTSM,0
ID_2123PV9ZXI,0
ID_X7W9CVK9Y3,0
ID_IUNPRTWOW2,0
ID_KY9IXRVNKM,0
ID_9GJ38MW91W,0
ID_WH6DWTHFRW,0
ID_UTBNVTKT61,0
ID_A8IGC79QPP,0
ID_YVSIWD7B8P,0
ID_GIQQ52X1VL,0
ID_WDPANKWTL7,0
ID_VAATNJH78O,0
ID_LFJPB4OXJV,0
ID_M2VR2M8EX1,0
ID_SKUYZGLJNE,0
ID_U9UG6FQVPU,0
ID_RR46AZ6T5T,0
ID_SLPL71KIUA,0
ID_L7ZRMS2NTK,0
ID_IXY768WXVF,0
ID_MKJD2BZFTS,0
ID_0QJ5Q8CHHU,0
ID_ITK2EK2NLM,0
ID_MKQYD7I3M4,0
ID_ZUVFL7I6AU,0
ID_FAVT030B2V,0
ID_NPWQNC9PUK,0
ID_LTG6LZ7P8R,0
ID_85H6729CVO,0
ID_14RGOAZYDW,0
ID_OGD257YPYL,0
ID_2VDCRTJ99Y,0
ID_XNZEH7VJ96,0
ID_LPHNWFTG7I,0
ID_023UB0LV1E,0
ID_XM50UNOD4B,0
ID_1TLSBNIPQK,0
ID_11UL8WNVE5,0
ID_ZO4NK3EXM8,0
ID_QSGQGNBNHJ,0
ID_SK6Q2FSYVF,0
ID_0O72ZZMPL7,0
ID_4P7R24ZKAT,0
ID_P2E6F3IFYE,0
ID_95BED0HQ91,0
ID_J8BVBZB74M,0
ID_HZKEDUWSHM,0
ID_4KQ48O85EG,0
ID_SBF0FVT9RX,0
ID_O7K2PDWG93,0
ID_CK7GUI9HCU,0
ID_T6ODBK4QPU,0
ID_LCVZA30TCD,0
ID_699GW47DNW,0
ID_3XIH0P0XWY,0
ID_AH3EBYAZUX,0
ID_UZ9087GHEG,0
ID_GS2CPI6W43,0
ID_Q460371NHN,0
ID_X15AYLLQAD,0
ID_42BAXZVR8E,0
ID_LGTT3LYWXB,0
ID_JT3YINJ7T4,0
ID_224L52F8WJ,0
ID_RSUQUWJNJU,0
ID_94RY4XWH95,0
ID_1SRGKI6QSE,0
ID_W8FJINNVC1,0
ID_4POQA5Z97T,0
ID_29P0RXPEZD,0
ID_TXE09WP41A,0
ID_O30DZD81F1,0
ID_JX9X5T9JB5,0
ID_TZWLB7D17B,0
ID_E7XX65XDU2,0
ID_EFUOOMCGM3,0
ID_GSS3AGV8A0,0
ID_S0V664VMO6,0
ID_CBV5BCSRLB,0
ID_3T27HIC58C,0
ID_B9AF925N0T,0
ID_Q19WC8QC36,0
ID_4HX462KZVX,0
ID_F2WXZG1UT4,0
ID_VRP65FGOKT,0
ID_CG5L5EKTVJ,0
ID_1FNWNASTN7,0
ID_TPVP8BMI00,0
ID_9U65ZTK1JK,0
ID_4DOCT7KAWV,0
ID_8I346MMKPA,0
ID_18JPGLSPCE,0
ID_48Q2P3NW87,0
ID_EPXS18NIXS,0
ID_545JDE57DN,0
ID_33H6RF0RF1,0
ID_U7WX9AR46Q,0
ID_CYD1H4GRF6,0
ID_0B1JMI98AN,0
ID_ZQQEW23VDG,0
ID_Z5C6V1WSQL,0
ID_IEFNJ2ER9P,0
ID_B8K7RYM6SP,0
ID_UEIHAYWFXR,0
ID_YQ5VPMZMWL,0
ID_66TYDS7GK5,0
ID_H5GZIE1XUI,0
ID_LEJKPH7SL7,0
ID_JUVO8M8BSL,0
ID_1XLHZ1JTSV,0
ID_2VA4YF3JMN,0
ID_0EG82AR65A,0
ID_U1XW57MCV9,0
ID_CSDYXZL38P,0
ID_GSQRXOFJ1J,0
ID_S9OZLWWLTX,0
ID_QAKJ2WKSPH,0
ID_52E70YVP1L,0
ID_GRUUBFNWHM,0
ID_DYZBNKEG0M,0
ID_MVVBOE0QPG,0
ID_QIJEGA9AWJ,0
ID_E5FRYU72IQ,0
ID_ZHJ3BF6VSK,0
ID_1II9RKGYRC,0
ID_F5JN1E1BUS,0
ID_M59IPYN11J,0
ID_M25YPEFG16,0
ID_N0JBCMAHHH,0
ID_HJCTLWIWSI,0
ID_VHAPMXDVEL,0
ID_9G8DNYIWCY,0
ID_M6ISXSYMRU,0
ID_R8I2WB106N,0
ID_ZHYJ6EQ4C3,0
ID_H83469GDQQ,0
ID_6ESG8FFDO6,0
ID_06KA0HULIU,0
ID_CYWKZA0CF7,0
ID_NIF2A7TJZ5,0
ID_1T93LWCKUB,0
ID_UEZMO6774Q,0
ID_5BOCTO095W,0
ID_SG0RL6JTJP,0
ID_BZ6SB30M2X,0
ID_OYHFSG3B36,0
ID_8ZVLMI7X93,0
ID_TIQGZWD7OR,0
ID_2XSLFPMR9K,0
ID_F4MZJN4X1Y,0
ID_ZSA7QSVIDZ,0
ID_Z92BVAF23T,0
ID_O9YVGIUESP,0
ID_23APF8RVWY,0
ID_S7Q7439L0M,0
ID_OLMOA72R45,0
ID_M7ZOL11K66,0
ID_Z6H1U7W1H0,0
ID_8AH3G8LY8V,0
ID_0ANZF6P64I,0
ID_2C3M31YAK9,0
ID_PYQMJD6RZC,0
ID_5NRO0A8JY9,0
ID_EIQFQNJFV4,0
ID_SN4AUO6K1W,0
ID_JQ3NT8SR84,0
ID_1W6YKUVZSI,0
ID_02XJRZC35Z,0
ID_62Q7CG5674,0
ID_DGOYXHMDLD,0
ID_6GR5HX4THR,0
ID_T95DQMT24N,0
ID_6AE46B7SKF,0
ID_40NPZS9IOS,0
ID_N51X05XUJJ,0
ID_H4AT15ALT9,0
ID_6IV6ZQEZDP,0
ID_T6UE8J1BXD,0
ID_LM54EYRKW2,0
ID_TS6X7JL4AF,0
ID_DUZMMT6QL0,0
ID_34XDF502VZ,0
ID_24P783IMZ2,0
ID_5DEKM5AJ22,0
ID_OG81QEXEE2,0
ID_ZFP08OE9PE,0
ID_4WQBJ6WBV2,0
ID_DW5N3I2RKB,0
ID_NEPHXY5SFA,0
ID_LJR27S3OSS,0
ID_QLAVE8H69D,0
ID_OKHUZMZTKZ,0
ID_XL6ODZ5D7B,0
ID_J1SU4W4BZF,0
ID_1UZI59C4RG,0
ID_83TPBTI3CG,0
ID_RS447NW5C1,0
ID_DR2HPEJNFI,0
ID_ZI6G75M6Q6,0
ID_U2XWY5BGS9,0
ID_JVDPFUMC99,0
ID_F5SGQOH65R,0
ID_HP0JCNRDE3,0
ID_AVE5YPZMDT,0
ID_G9O7RSPZSU,0
ID_MV1H6IJQ1F,0
ID_4T9SNDNTPR,0
ID_ESD8M9WTGI,0
ID_RNWMYO9OXX,0
ID_P1NWOI8DEA,0
ID_JXEE6DECR8,0
ID_F1QVFKB45M,0
ID_NPFF5LKZ6A,0
ID_BV48QGDC6M,0
ID_VYCG05QILO,0
ID_PT0DLR6U76,0
ID_G8B4BRBQ22,0
ID_W6GIHANRP5,0
ID_QY0MV1ZZMS,0
ID_PBW5ONKI9P,0
ID_955NJ4I0LG,0
ID_Y07WZN2MN9,0
ID_FRUAWDC00C,0
ID_PAZIQ16JDN,0
ID_844D6WIT90,0
ID_MT2P3JC4QG,0
ID_TBMC7ICKT5,0
ID_8DPPFVERLU,0
ID_UMQAOBPBXS,0
ID_Q0WT5KMIJ2,0
ID_05ZT3O4U2S,0
ID_5DBWDG921G,0
ID_TVH2GSVLV0,0
ID_O8RRDYYYL3,0
ID_ZYQ0T13HRD,0
ID_Y1D3GJE89N,0
ID_11P23LEU4R,0
ID_UG4CNZ3HBW,0
ID_SVDGX54TSY,0
ID_1ZGE37T87J,0
ID_05D2VEAGSH,0
ID_MKH6077LJB,0
ID_Q9AGQCNM4N,0
ID_NOE3CW8D95,0
ID_LNPSFBUYK4,0
ID_YRE24D0XQL,0
ID_8OY3Y4YAQW,0
ID_JDPWLMB1JF,0
ID_3UBR13TUIJ,0
ID_IACBA782PI,0
ID_BNRZYRTUKT,0
ID_MZUAECXXDB,0
ID_7P9U9447T3,0
ID_6N9ABXWH9O,0
ID_SC4KZ01ES7,0
ID_3B0FPFCAZY,0
ID_XGYMM295V8,0
ID_SA8CPZ5MXN,0
ID_QV3YGUDHE2,0
ID_3RF414WT36,0
ID_U554F4M9AS,0
ID_DUQGEDLLN2,0
ID_OC40BU5J7U,0
ID_HNDU2Q2UGV,0
ID_Q5ASNYVY4Q,0
ID_S92DATTIBI,0
ID_T3TP38PH7V,0
ID_TFA8MJFQNY,0
ID_W8068HA9AT,0
ID_F19M9F7YWA,0
ID_X5RLD131U1,0
ID_9T1KB2ACVC,0
ID_CUKBJO68T2,0
ID_CTIDQRH2KJ,0
ID_HWLWLOR2CG,0
ID_XBN4ZFW8TF,0
ID_65YT1A5971,0
ID_E6OG0BSWMG,0
ID_9EY1DM7BW0,0
ID_TEFHBHSWI3,0
ID_2C2O6H60IO,0
ID_338FJSUFVO,0
ID_6ILOSPEIKF,0
ID_7099JT55AH,0
ID_E66E4WEOPP,0
ID_XZ9W9HRMGL,0
ID_WTKKO7042W,0
ID_FKNONYI0PK,0
ID_RCQLTZB92G,0
ID_JGAZVT0VPJ,0
ID_Q2CIB5SIK6,0
ID_3K2LU6R0WE,0
ID_446PMJWDCY,0
ID_AR8B38G8MP,0
ID_980UNNVLEP,0
ID_2H4ZZWKSC5,0
ID_WAU8R531IE,0
ID_09N4LTN8K7,0
ID_KVGCXVTZS6,0
ID_HPTCTG2N37,0
ID_BP7LF7GWZ2,0
ID_FH3MMFWN5I,0
ID_T5ASAWVP3C,0
ID_RRI0WNWLZC,0
ID_A4S6SN12PZ,0
ID_I288SISKY4,0
ID_423YL4MUYK,0
ID_60M25H4ALD,0
ID_OE6Z1F8OSD,0
ID_1F7SATJPX4,0
ID_3IJV37YBB5,0
ID_K97HIIGY2L,0
ID_V9R8D3R0I5,0
ID_OIFZDL9QSU,0
ID_TPXR84XSRS,0
ID_ON5HQW48T3,0
ID_PSOO85G22O,0
ID_ZWK1LUOLC3,0
ID_YY245OA0X7,0
ID_RJXHOVAIFY,0
ID_5M1HDT2MK9,0
ID_NDJ1HBJSM6,0
ID_89WOYBOQKE,0
ID_DHKPV3TELX,0
ID_VFKQ1HZ501,0
ID_O8GDALP9XU,0
ID_0MRW1CWUSP,0
ID_RWJRQ6RY5K,0
ID_EXI7LNT84X,0
ID_1TRXTAE3X0,0
ID_HL5IBTEDBN,0
ID_ALFR3EX6N3,0
ID_72B7T8CXPL,0
ID_I3Q9ZA9DI0,0
ID_L0DE66UNL6,0
ID_VT155W9I8T,0
ID_LZ4X4R7QL2,0
ID_PBNIZQ691L,0
ID_EM5RP7MFZ9,0
ID_2WPTGKXLP9,0
ID_8ZWSZFIR6Q,0
ID_J4ND6RFD3X,0
ID_RVRL51EZDS,0
ID_OEP16LJ9WS,0
ID_C4V8IS2X9M,0
ID_KLAGPGVBZZ,0
ID_MT12SU4CCI,0
ID_R8O7MHM91K,0
ID_K8EHJRU5A9,0
ID_HMGV90KPKL,0
ID_IWI5AYZGTN,0
ID_PNUEBQZ6K5,0
ID_FE1B58EAFF,0
ID_RIBYDDWPQ3,0
ID_9GZSGOTW1M,0
ID_IOI76Y6M25,0
ID_GT18H63AUW,0
ID_J4XT1099LI,0
ID_KY1YGSKIVF,0
ID_0VLSM3PX0H,0
ID_3W3XRM87LK,0
ID_6RH5EBGHY2,0
ID_YWSJ1GL67E,0
ID_RH1GKZRZ2S,0
ID_79BSE36QY7,0
ID_SJUXZLIK7B,0
ID_FM1K2O97EB,0
ID_YZXJO7JD17,0
ID_UI7AD3FOZ0,0
ID_GTZXR97SSC,0
ID_E0AWL0J9J1,0
ID_K1ZFLFVWMD,0
ID_07Z2F22GWA,0
ID_02221BNI3Y,0
ID_VLUFJF37AW,0
ID_EMLBKZAS4K,0
ID_0HRHLA3BW3,0
ID_YFRUIYXG81,0
ID_9Y539N84YG,0
ID_39Y4F5EQS9,0
ID_U3JFYM3U8W,0
ID_NDT72J9FTJ,0
ID_XIBB8JEBPE,0
ID_G1OAPY75P6,0
ID_M0K2PZM8I2,0
ID_WHM2871OUA,0
ID_C4AP5XDCS1,0
ID_7623LCAG0Z,0
ID_I5ZF9HCOGQ,0
ID_NRZNSCMLOR,0
ID_99534NOP95,0
ID_BV6QT66OJ6,0
ID_ENB6WOW7X1,0
ID_RJ50JSZ010,0
ID_M6JK6R9MV2,0
ID_E0FGIOO9L0,0
ID_WV3KVV8K04,0
ID_LSYZBO6AKK,0
ID_O2OL99GBVO,0
ID_2YFVZ6ARNT,0
ID_TL891VMEFT,0
ID_A7L8BYJYCK,0
ID_MX9CKX5R7D,0
ID_DZ2BPZ1QJD,0
ID_K6KXLJMSCE,0
ID_I5UQWCCUXI,0
ID_7UOZ1HU6LS,0
ID_ZEO6297Q3F,0
ID_HSJA8I0X66,0
ID_NHX6PJ9A5U,0
ID_MW5NU7SUY9,0
ID_IVQKPKQG8J,0
ID_JZUPCNYRG2,0
ID_F0OHY5853E,0
ID_CHT5B0O4W6,0
ID_H63IZY4IXB,0
ID_LIHQH3MZLM,0
ID_8BVU3LPSNS,0
ID_CK7UI94H9K,0
ID_B205VLUKIX,0
ID_O379OD6N5O,0
ID_189ZEMA78G,0
ID_9RF1GU3OVU,0
ID_1Y2CU17DBF,0
ID_MJDDZPH0O4,0
ID_ZR6DAE1049,0
ID_FJHMFB02HY,0
ID_BMM2UIF164,0
ID_L48PX2QXA9,0
ID_0IDMTEAZUU,0
ID_12RH5RRG19,0
ID_09VILRNIWC,0
ID_ELZW4L6W38,0
ID_SAETRL81VU,0
ID_8ORKH59RFX,0
ID_A3MEKTSGZD,0
ID_J2YJRJ6ACV,0
ID_8JKMGAQQ8N,0
ID_E2690OKLHI,0
ID_7XLERWRV03,0
ID_C0SVWBDBD4,0
ID_TSLBRGBG89,0
ID_ZEVVB92LVD,0
ID_STWIB59C0X,0
ID_4K7GCBSG0W,0
ID_2MUJ3Y7YMZ,0
ID_E61Z3DG9G1,0
ID_TMREWB3VDI,0
ID_P40HRWKQ9O,0
ID_TXIQYRZHQZ,0
ID_Z89SJDAR0Z,0
ID_2KGCBBXQXZ,0
ID_A69EI2KPOW,0
ID_N2XGBTRLP2,0
ID_UODLOFHRI9,0
ID_NZSF6FXAVU,0
ID_N30FWKBZ7B,0
ID_N7WXO2JMQW,0
ID_9639AT4H8P,0
ID_XRB4LMEK01,0
ID_E4SBN425XK,0
ID_HE7CSMXVII,0
ID_OVZ5U7QIFB,0
ID_SGWRBHW9EX,0
ID_8FDD2O1SLF,0
ID_T3AVASRMLR,0
ID_6YFTV2BIO1,0
ID_RRTUTIMU6J,0
ID_A7ORVU7VUO,0
ID_IYXUEAU8N6,0
ID_A752MHF4FT,0
ID_QGS7GVOBEV,0
ID_MWD9J9ARQW,0
ID_KHYUY4332S,0
ID_G91CB2ZAGB,0
ID_DIFPRMG3NG,0
ID_BXKNESPG42,0
ID_UO87QCZX1S,0
ID_YT6RWW3D4Q,0
ID_UHLNEGJ9AM,0
ID_S1QS43B0QO,0
ID_H8A2RLMD3T,0
ID_FSSJBCICUU,0
ID_3LUGLTLE9X,0
ID_NJQQRTIA70,0
ID_T0CTMPNQON,0
ID_V4ERTG84TM,0
ID_6A2BOXO61I,0
ID_W2SDR5SV2B,0
ID_13OCJSN2RJ,0
ID_567Z14PN80,0
ID_WGC0UL0Q4A,0
ID_MWVI3EOQQ6,0
ID_NQ018EBSPF,0
ID_OHCCXO1ROA,0
ID_OREQIC1CF5,0
ID_IIQVUTB6Q3,0
ID_1HEMGJ56V1,0
ID_VB870AP37K,0
ID_E2YUDK5XZE,0
ID_QWY2Q3K6DV,0
ID_CO5M3UMT99,0
ID_NVUAZA6FKE,0
ID_W1OSQO7RSL,0
ID_AN05UL1AOS,0
ID_PLWDHHJ38U,0
ID_6R2RZ9URSE,0
ID_NIXVB09ARQ,0
ID_8MZMZPNHEH,0
ID_36JOLMAU0S,0
ID_WX1HEPTTDY,0
ID_9KP9193CPI,0
ID_59HISYZRZP,0
ID_5Q2G1ZPNXC,0
ID_FQ1XNKUXHR,0
ID_CDZRUIED8W,0
ID_CYTVZCLLG0,0
ID_CYF7VL2LEG,0
ID_IPQRX0SIBU,0
ID_JQIWUAPDEQ,0
ID_BLJXCMY7IW,0
ID_SFVN1CUGFZ,0
ID_N37L8RSGUY,0
ID_ISI38RXUPK,0
ID_S9A5U6AZAF,0
ID_7N1F8Y5ZS9,0
ID_420SHFFPSC,0
ID_SQWE5YC015,0
ID_XFUYPB424N,0
ID_R2BH0IC2ZK,0
ID_35WTU72HHD,0
ID_CVCICD6CBB,0
ID_9ZJVU3TLXF,0
ID_RZCT0KDPNE,0
ID_YJSDO2VB7I,0
ID_54NFZTZ3ED,0
ID_TC7RQVO6P1,0
ID_EZ8PEJMSMG,0
ID_RZ4OHJXFTE,0
ID_IABQMZS3KS,0
ID_OTVGNY6T9I,0
ID_36D8A68YFU,0
ID_924JQYFNBG,0
ID_WH1PTT4N0U,0
ID_9VFE89MNX4,0
ID_OS9AWE1WYB,0
ID_M6H6291H1F,0
ID_T1HKT4G4UV,0
ID_8ISLS3A1B3,0
ID_F5MFRM3AP2,0
ID_BR71PA1B0Q,0
ID_T83B7L8IY7,0
ID_VC7P1HWPS4,0
ID_PZATZ0E6IH,0
ID_3BQ82YTJ4M,0
ID_L8308120JU,0
ID_9OOZ5CXMBJ,0
ID_UMU0P3BWUK,0
ID_YZQ8L5BX18,0
ID_3VNG8E2LPT,0
ID_4S4B0MKR3A,0
ID_XG84NTFL7E,0
ID_OSCRLI4BUG,0
ID_ONJYXZ3EN2,0
ID_QSE3XOTJTA,0
ID_W1NA4XRENA,0
ID_3KZQH66E9W,0
ID_Q3R8YSKPOZ,0
ID_TMOCV175I5,0
ID_FK3WV7JP6Q,0
ID_TMDVMYME14,0
ID_JNHOM77OPX,0
ID_06A2FSPIT7,0
ID_XQZPX9OHH5,0
ID_FYRJ98UINY,0
ID_QNJU440TAF,0
ID_9PRN681H7Y,0
ID_FKL5ZHHYON,0
ID_O9KRPE1SNL,0
ID_7QNHXR2ZKR,0
ID_CE83HEJDU7,0
ID_1WZI08CXKU,0
ID_5WJQQNGNMU,0
ID_X5FC55YHI8,0
ID_LT4QVAF2NW,0
ID_IGMBTO6950,0
ID_7X9F202A6R,0
ID_KAYQTZWNKZ,0
ID_K92RGIZ059,0
ID_H9EZF257SM,0
ID_9GM8YKWCYH,0
ID_3XGEKPOBTY,0
ID_LBRMU13ANL,0
ID_W89SLP1P33,0
ID_N80SFT7V5D,0
ID_GLY4Z7KWPB,0
ID_M5QYNF4YSP,0
ID_44QKL8QSJY,0
ID_R5NC9JJMTW,0
ID_RX10HMIBZB,0
ID_CZAAP61XYC,0
ID_2JQCYSO696,0
ID_Z2ISKH9G1T,0
ID_L85NH29PPL,0
ID_CGSAQIDUKO,0
ID_84D8AZ8J73,0
ID_6VK9GODTAH,0
ID_DTGOO9WB2S,0
ID_CUEFAY1OC1,0
ID_TTMFHMFJ91,0
ID_XIPV7LOD2F,0
ID_IDECYQI2OG,0
ID_QO1CX6GKEF,0
ID_HNE6X4LVHT,0
ID_MXFE5WMRAA,0
ID_XB8E7O3UWM,0
ID_VO96V4WSK2,0
ID_JCDCOE1PMA,0
ID_4UJ8U22PJ4,0
ID_5TVS5TCP8M,0
ID_8FMKDDTWTK,0
ID_ZH1DE8P3L9,0
ID_VEW4Q6I4D1,0
ID_XSQR7D6O0Y,0
ID_FDYP38U7GF,0
ID_DBRT7TVIX7,0
ID_54D4NDO8CD,0
ID_VPYHEA7CVT,0
ID_MGKJ0RTNCA,0
ID_PBLNQNGUNQ,0
ID_6AI4LZJQL2,0
ID_GI877V9VPN,0
ID_TRT58YKSQO,0
ID_C5L2EWUJ1S,0
ID_11EEYPJ7PO,0
ID_XRGD6NFM3N,0
ID_669DNH0CMB,0
ID_HHNNFJAA0E,0
ID_UVMBBCUS4S,0
ID_Q0AQF57FD3,0
ID_BFVIJL5S6X,0
ID_26K9KLNAUI,0
ID_B4IQ7E9C8S,0
ID_Y2R4ZCMEO0,0
ID_1H645S33KG,0
ID_VPZASDQJJ7,0
ID_PSM1F3F0G7,0
ID_Z0DMXE5KAP,0
ID_2MEHLD4DKV,0
ID_BMWHWORA2C,0
ID_OYN6XDNE4X,0
ID_TZ88H6GFPL,0
ID_UK9XCRM7JA,0
ID_8RS290TUJP,0
ID_2C9ATWU5DA,0
ID_9SVS88MUNN,0
ID_W0Y5B7J87E,0
ID_QIUYCWJYF7,0
ID_2JJCUAIIM7,0
ID_HSB6Y4YN8I,0
ID_11U2TQJURU,0
ID_CTCQRQ35Z3,0
ID_RNFAEUH4GK,0
ID_20SEY2K9IW,0
ID_KSG2YFLYWY,0
ID_Z6FITJ06Z6,0
ID_DMC6RUP460,0
ID_A4OHVULG2K,0
ID_ZIY1M85G7P,0
ID_FJ7FGQFC1Q,0
ID_26A42PRSC8,0
ID_82CDGKQY1F,0
ID_9A0D85KZLM,0
ID_OEFV83V3OF,0
ID_3CX7T3R811,0
ID_X6K6I0FQRA,0
ID_E69YRGVE0T,0
ID_OHJH6ZVY3P,0
ID_DO61Y9KW0S,0
ID_DA02KAFLYW,0
ID_9RG6SLMJSH,0
ID_ZGF1YLJCYV,0
ID_IFUH9Y65LD,0
ID_WZW8M9C80L,0
ID_IP7S00FWRH,0
ID_M2LO3V4O47,0
ID_24O1CXNNTK,0
ID_A6LM06R727,0
ID_YIQO3GKIO2,0
ID_DY7P8NV2Q6,0
ID_O8E955JLRD,0
ID_5B9BDT8N7P,0
ID_YHMB3MFMN1,0
ID_8ZX4KWX60B,0
ID_7G07GC5VM1,0
ID_GKSR27LPFB,0
ID_SYTIM5I45H,0
ID_2H68PR1LHH,0
ID_X5WKISZ7JK,0
ID_KODESBBV6W,0
ID_82QWN5X7KZ,0
ID_C7YTHFGJ0W,0
ID_KOPULCE7GG,0
ID_CQFNO6M87S,0
ID_2041C75XNG,0
ID_GCND7SHENI,0
ID_0Q4XCSTTD2,0
ID_DT2H6A8Z93,0
ID_EU9QWC48YF,0
ID_NS5QM58DXK,0
ID_BGPIV0YTEF,0
ID_V0AANMCARY,0
ID_BLKMVDRV9M,0
ID_ZU3G377M2N,0
ID_4A8I5YZMUO,0
ID_0A97C1JKRR,0
ID_DGULS2Y8GM,0
ID_UVWCX03ST7,0
ID_956LCP2PEA,0
ID_GS924A46EU,0
ID_U47ECMOSKQ,0
ID_7AI9I02Z03,0
ID_CT4J32WT8C,0
ID_Y10XWJNH9R,0
ID_EI8KBBZXP1,0
ID_GSNLZAYK7R,0
ID_2KFUUV76XB,0
ID_SROYX97IO6,0
ID_SEKK76BOW8,0
ID_LO2XN0EDVS,0
ID_GY3RXIPT50,0
ID_H8OPF1X6BV,0
ID_9LUKVOAL2J,0
ID_UWZDA5BKGS,0
ID_Z4IO0Q2BMO,0
ID_4Y738Y3WTN,0
ID_DVBL1LPNKB,0
ID_K3TIP2VGAN,0
ID_92W7IXV2DK,0
ID_PCSUQS4OWT,0
ID_DJYSKAODKS,0
ID_CYUEX2SM5T,0
ID_JNE4XFKT77,0
ID_TNBYOJFZPW,0
ID_ZGX68EOPS8,0
ID_MVP53M4UXA,0
ID_9MF5H9XMHL,0
ID_GBO2ZM60NP,0
ID_8LUHS2YCPP,0
ID_R6MSUWOHMO,0
ID_7I5TIEEG0P,0
ID_IQS431XAWL,0
ID_Y8F4O63BFL,0
ID_LOEPDPCMQI,0
ID_GHFPX90XLU,0
ID_4USQEXZGV9,0
ID_YA58A7SQVH,0
ID_K8HZQBCY80,0
ID_KKA452CY40,0
ID_2Q6IAHYN84,0
ID_N3MQ0VPG3C,0
ID_FD2UHYPNPX,0
ID_85XG6XAHIV,0
ID_SWVV9Q863O,0
ID_N85MSVFXDD,0
ID_90HKAV76LR,0
ID_M8HC46E7U2,0
ID_A3287FZQDL,0
ID_WWMNG6XYTY,0
ID_6WACEHSTQW,0
ID_2A5S2FDML3,0
ID_6K9IJRYT0M,0
ID_YCIZ6IA8ZJ,0
ID_O1952XMMYE,0
ID_GLKF2579ON,0
ID_08F11AC145,0
ID_765JWRW8LD,0
ID_GYHMOV099C,0
ID_IKHAVL2ODO,0
ID_2PXGT3O1ZU,0
ID_41XOISSCJJ,0
ID_IMS6BR23N9,0
ID_P6S7C0B8OY,0
ID_4795C6HLCZ,0
ID_4685WYNEPJ,0
ID_R1UA6NY5DI,0
ID_QLO8L5MPD7,0
ID_EPZZBDGPSV,0
ID_79JFBL4Y3P,0
ID_UMAZV41GIK,0
ID_DEN902PJ97,0
ID_7012PZ7VYP,0
ID_0Z0Q7ELYLU,0
ID_JQTKNNNSED,0
ID_93QXO81KZJ,0
ID_7YZ8M0WOXC,0
ID_380L52NFRA,0
ID_BJ2RBVNLTP,0
ID_CELOEFCP90,0
ID_URM50HANCJ,0
ID_0TH9CEFYBH,0
ID_VQV0VPTVOE,0
ID_IVTWY0UPG8,0
ID_G0FDOL9GP8,0
ID_XX0E8GVRCR,0
ID_OJIKGR80LH,0
ID_R1EDPIKATY,0
ID_4SUH62QERI,0
ID_WH1HH6PVXQ,0
ID_M5LG77TSOL,0
ID_K0XFAUPYT9,0
ID_4UZM8UW0B3,0
ID_43NJWS0PBP,0
ID_ACZ8840HYI,0
ID_P32H4FXN7X,0
ID_HU2KKX9LFL,0
ID_D3D3SVXRJF,0
ID_ARRLI1ZGUI,0
ID_B3UL2FWEMK,0
ID_9H008DFW1M,0
ID_32RW95AAF9,0
ID_XUYJD69IF1,0
ID_U67A5KHNDK,0
ID_G4HT2KYN3J,0
ID_X65W12UX0P,0
ID_DSUR6CMDRL,0
ID_3ZGM1HDW51,0
ID_0SIC46I4XH,0
ID_A0BRH5LBWI,0
ID_POYVDRW1Y4,0
ID_HPO6S32ROL,0
ID_94Z3GK8Y88,0
ID_8YQZGUOLYJ,0
ID_B2Y5LM521T,0
ID_KWJGLOZLUP,0
ID_W6MAPRGVSJ,0
ID_CST8UXVYF0,0
ID_Y29QDSRCF3,0
ID_JHKZ6M439S,0
ID_O2T0B4265D,0
ID_ZXHCB9V6R3,0
ID_DX6XJXG2FX,0
ID_WTD41NDJEW,0
ID_UJBMKR1QJU,0
ID_8UC6VMNHSR,0
ID_3XT5FM0TNY,0
ID_X9I3N26EOA,0
ID_B1WY05SW63,0
ID_7797J9DTFG,0
ID_82QQ957RDZ,0
ID_71UU48C3W3,0
ID_048RO1ELNH,0
ID_THR46ZQTT0,0
ID_VEGAXJ2O1H,0
ID_NVB312EL2J,0
ID_4M8WFN7HLI,0
ID_8CFEA0YD2Y,0
ID_ZST6AFZ1MW,0
ID_SRRQ313624,0
ID_TD4EMSJUF7,0
ID_VSYE08IKZ5,0
ID_GPE1S5434R,0
ID_FI5TCT82KN,0
ID_X7GLAQM10R,0
ID_6NU8N45NOP,0
ID_C1L3W4YPJF,0
ID_UTDMOAK9WT,0
ID_DNNWU48Q07,0
ID_KDY3TISYXK,0
ID_BV3Z4GHVUM,0
ID_FKAKVU1JH3,0
ID_EV8QQVE0CG,0
ID_61O7CLZJWJ,0
ID_B3T4HN755W,0
ID_SG46UCT6DT,0
ID_LS7JFK7EM5,0
ID_83OUD40N1N,0
ID_NLRTZF8GDM,0
ID_FNAQZ9YPJ0,0
ID_T1DVCOAWGU,0
ID_01D01SW505,0
ID_FAVC9Z70GG,0
ID_KSOOHX70Y7,0
ID_3H4NFMFGYB,0
ID_6B3T35B3NG,0
ID_8IZAG2XF6P,0
ID_F5KY71EWA3,0
ID_JYZ1U6LYHT,0
ID_XXE1CDBHHU,0
ID_YXKZAVHUK8,0
ID_6IIMDQC260,0
ID_XU87KVHPUD,0
ID_DI88V5JO97,0
ID_GHNQ46GEO5,0
ID_MBJY0WN7BT,0
ID_GH47J3G1EX,0
ID_X4EKFBCBQP,0
ID_551JTDU85F,0
ID_UNLXNOCCBM,0
ID_SGTMAJJHOT,0
ID_2N6G5FGV3M,0
ID_8XRSZRORWC,0
ID_LWMVVRDK4P,0
ID_Y72PB0AW5I,0
ID_8V9ZRX3RL8,0
ID_4AZVJUMOG3,0
ID_EV6MR1YSDB,0
ID_JN4AOGSN7K,0
ID_RV43XUNAYL,0
ID_W0HS2SBNBX,0
ID_S8Y7L3I1WP,0
ID_9VP0RZ2FIW,0
ID_YIV4QD8BX2,0
ID_ELVWKLCDZ7,0
ID_GQYE6UEL5R,0
ID_8GTFX61D92,0
ID_HU92OELDNJ,0
ID_X3518HPLBD,0
ID_DWPGH36P1H,0
ID_IKXBLF4NTL,0
ID_LGC9FDHZT6,0
ID_3TVPEHJ5MA,0
ID_46UGNCKSRX,0
ID_KSUZIYYKRE,0
ID_MNHZJCWY77,0
ID_RH84OSECF2,0
ID_ISMFCIBF6X,0
ID_UB90FMJDT6,0
ID_6DHJ38UXS1,0
ID_DVT2E2KELQ,0
ID_JG4XBJTZEA,0
ID_HXMZZKN0EV,0
ID_UI884W3U7L,0
ID_39YSKNA1ER,0
ID_71G4JBG3Z8,0
ID_3G51H2AJE6,0
ID_1VZOGVGANA,0
ID_SVXHN29GG7,0
ID_01AGK6R9HH,0
ID_Z0O3MUH7ZA,0
ID_8JU8F91BTJ,0
ID_ZAOPIP1Y7Y,0
ID_8TJV5PZ9Z2,0
ID_1PQ06TCDO7,0
ID_LZVFFY3QLS,0
ID_Y7HLFD3N76,0
ID_K6VXPZHLWJ,0
ID_ODJMY4B2EQ,0
ID_0M8HL2GVFK,0
ID_FIRSPGMGTQ,0
ID_878G4WK1GK,0
ID_O9CXC4M32Z,0
ID_7MXR4MP2YV,0
ID_CHLD7C77BR,0
ID_EXT1PZN3LM,0
ID_LE4SF1V0ZM,0
ID_DP5PO8CPZP,0
ID_7GSKAN744T,0
ID_APK4SP17RB,0
ID_4XR4XHB76D,0
ID_0HTEATJMKD,0
ID_PVXXFEVVMJ,0
ID_EGIG3C3BA7,0
ID_AXNJ7KJ9YM,0
ID_2WSG75NFQ7,0
ID_XV3SCX78ZH,0
ID_M2UDVGVMQ5,0
ID_RXORM7P7T8,0
ID_WCHBUIZZW5,0
ID_IUQ8PBZ6RJ,0
ID_H3AZNZPX08,0
ID_2VCPHPX28P,0
ID_YBK32VT04Y,0
ID_G7TVB0AJF2,0
ID_KDA63MVNRE,0
ID_1C06UYQ9H9,0
ID_F0B98Z7X1E,0
ID_MYDE4Y8UBX,0
ID_N15CC9SL97,0
ID_2LQTVN6MK2,0
ID_FENQZVLOB3,0
ID_OXVTH305ZN,0
ID_6I735XDNBT,0
ID_ZJ4TT2I6D8,0
ID_DTBOH7SFGK,0
ID_BNZBP8KDYD,0
ID_WPDVKD40FX,0
ID_G7NRRDPROI,0
ID_XK73248PG7,0
ID_MK6UDC2AZJ,0
ID_TFB40UBMF4,0
ID_BG4BPLHBEK,0
ID_SDIXEKQVZL,0
ID_YZTL9JLIOW,0
ID_RJHUK0M361,0
ID_IK3HR1MWSC,0
ID_JOXH5Y4P1E,0
ID_41F9LR6WDF,0
ID_D58HZWXUIT,0
ID_AT3ON8M9GN,0
ID_OJXE12MQUX,0
ID_BUPJL7YIRQ,0
ID_HBU6ZVE2MK,0
ID_MOTR9NLFMG,0
ID_EFPTYAFCL9,0
ID_ZTURQJIPCB,0
ID_V710ZYIBZB,0
ID_HXQBSACPEQ,0
ID_WIYK0JH5CD,0
ID_KS3RC9A1WN,0
ID_YLY2H0WVOP,0
ID_BDM4EGSTRF,0
ID_LL22YLU9U8,0
ID_S4SV9XSEL6,0
ID_ZJQCH261G6,0
ID_3BJFJX780V,0
ID_Z2FSP5SXAG,0
ID_W52ZK8OL7O,0
ID_6HQH4D0K02,0
ID_BE9OZJ1ZTX,0
ID_ZU1P3K6J06,0
ID_JEY1DIMA0I,0
ID_1CJ3DRLXX1,0
ID_T3R1RBREMP,0
ID_Y4ARL1RN77,0
ID_OLH4Y1QAGQ,0
ID_NWI70LRY42,0
ID_LKUCQ525EM,0
ID_AEXTVO0N93,0
ID_B7Q61UJGLC,0
ID_9V3UOHTO0F,0
ID_03D3F9PUPM,0
ID_O5ZL1I70JJ,0
ID_3QL87AI1DX,0
ID_IJ0HJHEF4P,0
ID_M3952JR2V5,0
ID_3EPSH5L0U4,0
ID_Z69LJE2K5L,0
ID_AFU22BN87R,0
ID_C4DM7ZZB9Q,0
ID_Z9D6V6O4JI,0
ID_6OQK7KWBBP,0
ID_N8T4HP7MYW,0
ID_DVA1XMVYB6,0
ID_61MKOZGA0P,0
ID_U6JSE15A5S,0
ID_CBGYIKCK7N,0
ID_39FM642RQP,0
ID_3JFZN5UPPZ,0
ID_D9X1YXZGZU,0
ID_CEJRJGK24P,0
ID_BOUCT68OS9,0
ID_HX4DNHA0G6,0
ID_V45EG4Q1SL,0
ID_DL9GHNNXNC,0
ID_TM0IRH9MHN,0
ID_YDRJP55INM,0
ID_I0WYDY2NUT,0
ID_KKOS3V3IKE,0
ID_44NCINS274,0
ID_8LXZQCTT9D,0
ID_8QI500IRFT,0
ID_HUXIY0KWBC,0
ID_7H20ALVVPH,0
ID_CPDAIQ5LN1,0
ID_0FJQKJUEUA,0
ID_YNGLBB42S0,0
ID_1ZHRQNOW5V,0
ID_F20SC8IH0P,0
ID_J2LWBVJC18,0
ID_1QUGWCWATW,0
ID_W429RY0RJT,0
ID_DX9QNXLMN1,0
ID_T4P4O3QMGA,0
ID_BYFLC6XN15,0
ID_KI4RUXAOW6,0
ID_7VLYH7Y2NN,0
ID_1EX6MIFPB6,0
ID_HHKF9RVWCX,0
ID_ECL0N5HT1H,0
ID_2R043H1OXF,0
ID_MJ0US1AFH9,0
ID_A0BMB2L0Y9,0
ID_TVIFA6FK38,0
ID_ZOA4QGWVQS,0
ID_QLA75WC98Z,0
ID_LO78CRB1BI,0
ID_YKML86XXY5,0
ID_1E97VY30SU,0
ID_OSZGS4DLZE,0
ID_RFWDPB0MYA,0
ID_BTPNDDZ90G,0
ID_S2E4QKCVXR,0
ID_P0RIC4QBL8,0
ID_BD90HUKZRP,0
ID_E0IXD9D0AT,0
ID_GRIF5AWDAG,0
ID_Z0XOGJTG8Z,0
ID_ME5GE0FWSB,0
ID_IIDD2TAU55,0
ID_LBCU5R8010,0
ID_D164KL0HDA,0
ID_V5X5F816OF,0
ID_1CD1W4BUUG,0
ID_60ME15J8KI,0
ID_717JXIJ31Q,0
ID_YHUEB0873G,0
ID_2S7E5OSD4Q,0
ID_WGF1986WB4,0
ID_G2SNBGINMJ,0
ID_MEO7A6QJZ6,0
ID_WG8LQBVMWZ,0
ID_4VASXHQ0DG,0
ID_I7MGWZXWXV,0
ID_6NYD08CH4C,0
ID_UWX8O31QWM,0
ID_GUV55TD7AT,0
ID_ZJ3OCQQHRF,0
ID_BLK4KBW0WW,0
ID_CROHCI61XM,0
ID_JB8BTA5J7H,0
ID_RRPR86K1HR,0
ID_J8YARZNET7,0
ID_B2FYODIPHL,0
ID_4JXCSKTZWK,0
ID_VJ2ZVHGCA1,0
ID_Z70AO8BTXC,0
ID_X0M2KPAGSK,0
ID_PJO8W5KY7D,0
ID_F6DHK5Z9BG,0
ID_G97UU49ADX,0
ID_YWYBKXUSYM,0
ID_J9BE8NEKSD,0
ID_XCE1K0EX4H,0
ID_B0DLJEHRR3,0
ID_TVID96EB2B,0
ID_TV47EQ1EMY,0
ID_QI9Y1RVULZ,0
ID_AQIG3F48FG,0
ID_TIC8DEKTC3,0
ID_LQDE0PBHT3,0
ID_YCGZT0O4C6,0
ID_NQT8UP3GFF,0
ID_UYEEYNDRQL,0
ID_8AXU78GIJR,0
ID_Z834G5HFUA,0
ID_23TQXQRUJI,0
ID_M6EO61ACNO,0
ID_B4EKVITX7Y,0
ID_N6FFOYKO1A,0
ID_5WAKZT52O6,0
ID_OXU61Q4JBA,0
ID_10I5K50A2Z,0
ID_ZOZGGU6D0O,0
ID_78BHQETQDX,0
ID_3SJ62UP4K2,0
ID_6LI3PF4TEZ,0
ID_D7MRCRN0JW,0
ID_3QXBBS1EBP,0
ID_SDXYYV6TT8,0
ID_3Q5W0E12R7,0
ID_36SASDAOQS,0
ID_PCI641XB5B,0
ID_3SJ743634T,0
ID_AK0NZROJTR,0
ID_54MO8LV7I4,0
ID_O8IGC9H8ZN,0
ID_NWOG5LV47A,0
ID_4YBGMCNJQN,0
ID_QZSLK99DCS,0
ID_ZEM49USU8D,0
ID_CYU174MY4S,0
ID_94JGWCW9Z7,0
ID_TKUKG8IZGE,0
ID_26DNEIFRET,0
ID_7D35BBBHGH,0
ID_U4QE1WDH5D,0
ID_6009LXLLKJ,0
ID_0ZY6X6F4BU,0
ID_4BAAJX8QEW,0
ID_3BJJ4ZA79C,0
ID_9GPXJ5FKML,0
ID_4HUHA2XLPQ,0
ID_K03E293CD0,0
ID_92MLL933SA,0
ID_E770RFZJQP,0
ID_RTU9V5E9IA,0
ID_0UHRVGBXR9,0
ID_1ORIF9CTXI,0
ID_P5SR39SPCT,0
ID_T2ANFT8VO7,0
ID_RXU1IU71LP,0
ID_BWL76ZK0WE,0
ID_5UV9RS21GQ,0
ID_163NV8CAXH,0
ID_WUUC86MXO3,0
ID_BO98R5O359,0
ID_2XXF3SA2UZ,0
ID_Y8MUS27HK7,0
ID_T7EG7MQ58B,0
ID_59N8IU0CRR,0
ID_0G7DDYK93M,0
ID_JBFDP1QOVF,0
ID_M0P50OHI0I,0
ID_JOEV7EODRE,0
ID_VKZEI9QZGK,0
ID_B2ULIAE3YF,0
ID_IOCQHPFOH3,0
ID_W3IYMZVTUS,0
ID_QAOLNMD37E,0
ID_USS3OGGLKB,0
ID_LPT3GTIBBO,0
ID_AONW634V9E,0
ID_5K9E9NR558,0
ID_2IQJCD8Z51,0
ID_ZUKIFR9KTV,0
ID_24VX5Y6MEC,0
ID_W3RPHCB3QY,0
ID_Z24NMRDA7U,0
ID_OIDG14EBXV,0
ID_Y2HZABY05Y,0
ID_VMXLR0J0SI,0
ID_U5XP74PGKT,0
ID_0KLIZZO896,0
ID_HJ9G6DPVVS,0
ID_NKEL3RU1ME,0
ID_H56CBGDBFN,0
ID_3VNX65BPS3,0
ID_HW144CB4ZB,0
ID_RZCKGZQXZA,0
ID_8TFPLWPJMJ,0
ID_H1E22G4GPI,0
ID_R0M04JS1QP,0
ID_AD5BAXQ5LB,0
ID_G8TGB1PWN6,0
ID_D7ER5MGBYO,0
ID_PDH2M4I3P2,0
ID_HD75I7I6ZK,0
ID_5PDMTK2923,0
ID_DZ7A29SSA4,0
ID_UTIS8LECT8,0
ID_513VSKNEU5,0
ID_YA2OHGMB75,0
ID_PSJ2JYPMUT,0
ID_G6GZHXE6MO,0
ID_17G24TUDZ9,0
ID_2HLMQJP0WI,0
ID_QYKLTWXN1X,0
ID_4YXMO2475B,0
ID_SN2M8LFP1S,0
ID_5QGFKMSXRA,0
ID_ZGLJTR3OT1,0
ID_GHBORAX02C,0
ID_4O6900QLUC,0
ID_Z3DV4FHU73,0
ID_9D0D6WUMG1,0
ID_3L4AFHO7XY,0
ID_ERPX355J7R,0
ID_RIW78XZSKS,0
ID_GANAV2SZNX,0
ID_P3KLJZCJU1,0
ID_6M8W3S5JQ2,0
ID_J0OY17U8Q0,0
ID_N2G4M4G4RQ,0
ID_49PX5TEA3Q,0
ID_VIOSJU7OZG,0
ID_5OFEGCZAWE,0
ID_9PK3JXFFP6,0
ID_NCUFJMSO9Q,0
ID_XM4N95NLXL,0
ID_MXP7LZC6HU,0
ID_7LGOHYPKP8,0
ID_G3MJ9MU1OJ,0
ID_JVU6BSGOHD,0
ID_ETW9YRU6O6,0
ID_PA9GUNHJDS,0
ID_FKTGJ4XIRL,0
ID_JIRSLG21T5,0
ID_LSMSL2BL4P,0
ID_Y0UW5THGVQ,0
ID_TVOOQXJWPK,0
ID_SX34CXRPJJ,0
ID_HSKS3C97QU,0
ID_JVFEVVVVW5,0
ID_BCK6V7Q8HF,0
ID_GTES08MY9N,0
ID_ZLXYPB2OMZ,0
ID_GS15N9UDMU,0
ID_Z339YDT90B,0
ID_3FU0SYNFLW,0
ID_TDMBSB0079,0
ID_4OIQP3XY8D,0
ID_2AYWU8OBCS,0
ID_2FEKHJYIYE,0
ID_COYRD46X5I,0
ID_4J3JR3TLV0,0
ID_SFS5V46GK5,0
ID_5XLP2BN62S,0
ID_TJRYLGGUPN,0
ID_SYLT3ZIIN0,0
ID_GKIIB17S8B,0
ID_OUNFP5WW5X,0
ID_9SL39W41N5,0
ID_W7RFMY81HK,0
ID_DE1TSOZFCG,0
ID_VVY0ZTSSQ0,0
ID_AA869AO2CC,0
ID_CVGDV78O07,0
ID_DFVCEMNNBF,0
ID_M050ZB3OOI,0
ID_TGX4IE38OA,0
ID_WJUBTTFWMF,0
ID_IKXWUGN5NE,0
ID_CAEI96BWHD,0
ID_9O964OFAI6,0
ID_EKRMRSYYX7,0
ID_YUZM2YZ3C8,0
ID_AZ20MJE0VC,0
ID_QRJ7MZQPUQ,0
ID_CBM74S72JJ,0
ID_9WP8PHPBZN,0
ID_UWZ6H2OQVE,0
ID_4NWCNA846K,0
ID_OF96ELMJQI,0
ID_2FZA4H84UX,0
ID_5ZO3V7IEYP,0
ID_JJ8JTY00AI,0
ID_O3HXEXGG5M,0
ID_TN7GFQFTNK,0
ID_WFYVDUY1LY,0
ID_11U92G2YNX,0
ID_C4TFWITFFO,0
ID_IPPKSB0X2E,0
ID_1VSEYFUCRJ,0
ID_A7RGVOD7JW,0
ID_DETZWL8XI7,0
ID_9X2X4PLMUP,0
ID_J3OS2LVO1N,0
ID_6R6NAGKMSP,0
ID_GVB690LC72,0
ID_TK2CYHY2JG,0
ID_6Z2UEBQP8G,0
ID_2NARFGQS52,0
ID_R28EFF1GMG,0
ID_FACY77Z255,0
ID_KEEKYWLHTG,0
ID_N802WEOAH6,0
ID_E9RLT4B53M,0
ID_KPIAOAAJYS,0
ID_42ENQD9WBN,0
ID_UQPAL34M9X,0
ID_UNPJHIAFDB,0
ID_BZAE06N1NT,0
ID_WF128GXNNK,0
ID_46AP53AICU,0
ID_V8Y83GXNMK,0
ID_EN4UR2H2NA,0
ID_TD9H5CL8XV,0
ID_W2Z6BXENOJ,0
ID_5YWUHL0JFD,0
ID_0SO5V5M2C2,0
ID_SWQTWUXXS9,0
ID_9ZSH2MII0V,0
ID_A2AAFDJRDS,0
ID_3IP26EWQCT,0
ID_QSIKFL7E3C,0
ID_891K65O3SD,0
ID_0S0EMQTAQ0,0
ID_30GV8MAEMI,0
ID_2PLJWG4DJ3,0
ID_DTZJYP7NGF,0
ID_EMU2X3Y8S0,0
ID_SUV0W1ZR7P,0
ID_57L2ZLV956,0
ID_1UAPAFXEQO,0
ID_O46UB2OPXL,0
ID_BFMC5G5M4P,0
ID_5N6JKDRWKF,0
ID_DX2MBYE4YP,0
ID_YMGZ6ILZCW,0
ID_NNZLL63JE5,0
ID_N2J0B0FUZ5,0
ID_UVPZSEWNG3,0
ID_MKLVSZZJNY,0
ID_4AEAN7TRPO,0
ID_57EFNZ0U5O,0
ID_OQKBL00K5T,0
ID_135WIU9WN8,0
ID_3EMD55T3JI,0
ID_V0N1JSMD4C,0
ID_71HWRVRX0E,0
ID_IDSXJ3VEDF,0
ID_THNLY7HBXZ,0
ID_E5H1E3MYU5,0
ID_SGZ39RPKW7,0
ID_OW95MNZ4VH,0
ID_L9CO2EC7X0,0
ID_DFEC8QQ6HQ,0
ID_77XDF6XMTF,0
ID_CSFMJ6U65L,0
ID_UNIEDFZZFQ,0
ID_2VYYE0C8O8,0
ID_O5ZWEVN99L,0
ID_XUV9J8GM61,0
ID_PJZXDPPQ35,0
ID_2DGHQVHHCW,0
ID_R8QBAJ7MDC,0
ID_R4DV6BK21Q,0
ID_0R2ACNFMPA,0
ID_QHP5H2V5MH,0
ID_55AU5Z1Z7Q,0
ID_TV6UB4Y8PA,0
ID_437ND932FS,0
ID_I1UR6KWKLM,0
ID_XZ72FXRO6J,0
ID_3CHFIENKQK,0
ID_DEOG70NWGC,0
ID_8JG9B5J6K3,0
ID_OL765RU9MO,0
ID_M60S301V1T,0
ID_06Y93Q73YU,0
ID_QPHUBQ382F,0
ID_QYGPS2SE9F,0
ID_9O54784WLS,0
ID_SPXYDZZ0J1,0
ID_D5IHKXF1OF,0
ID_0L34ONKC07,0
ID_02XVN3PKBS,0
ID_84WIBC4TO7,0
ID_PIE9KC9SPX,0
ID_GP3IGJXNCI,0
ID_CWC6KOO37N,0
ID_LKO56R2GB7,0
ID_O3U8YJWGIF,0
ID_Z8MXGLDH8A,0
ID_SJIPV0J04A,0
ID_B6FTTGHBVL,0
ID_DVY25QBFF0,0
ID_DA1XVYICB0,0
ID_TKNG6XD6RD,0
ID_P1SUL7V1Y0,0
ID_W3FJHJ8BOU,0
ID_C7UKVC8EBJ,0
ID_Z2JKYJWGW5,0
ID_ETJLXVQCG1,0
ID_9H70BN44V8,0
ID_ZFRGTK2F5R,0
ID_D5N2IHYXAC,0
ID_QRRCYRXAB8,0
ID_V464YQZA0P,0
ID_HR4RM1P3FD,0
ID_X4YPNR4OCM,0
ID_QYPCK5RFVK,0
ID_PJIN7BWOOU,0
ID_A8DVZ9U3EN,0
ID_AR6NWJBIG3,0
ID_LYJ1FWM844,0
ID_2ONPPM82KP,0
ID_DGEMK345IT,0
ID_YPX49HWBEF,0
ID_5QSQH5VKD9,0
ID_DDGJLGRMNV,0
ID_4N0DJDBZLJ,0
ID_SZP812UE9H,0
ID_NBNGE71B03,0
ID_T5W05BUW2Z,0
ID_G01QJHI410,0
ID_70L8CXJ28X,0
ID_YKE7L81EVD,0
ID_TNJ2WUOB38,0
ID_3XEVXLZKNU,0
ID_X1G44VQAJP,0
ID_QQ4YHYCIPE,0
ID_CQIXRYLP1F,0
ID_4LSDZILXR0,0
ID_471CK4QQXW,0
ID_TKFLF1O7QH,0
ID_CLTXF41I3L,0
ID_SNJL3PKS7I,0
ID_4VBZGVIS40,0
ID_DR40MUH3ID,0
ID_JT52EQ1MMG,0
ID_2ETWTBVJ7E,0
ID_JQVW114DSA,0
ID_1TIZ9EH9TZ,0
ID_5QHEV0KLRX,0
ID_14R8PEYLD6,0
ID_10429H0E2U,0
ID_YDRIBEXMMC,0
ID_RAO8EW72GL,0
ID_5SLKF3O6AH,0
ID_741W7U06J1,0
ID_TSCJU796XA,0
ID_4INNA8TJMH,0
ID_G3WR7J64TL,0
ID_XDHSJ04JJ4,0
ID_NCUM0KGMIJ,0
ID_SZCPZLUYR6,0
ID_SGAREVZK8U,0
ID_KMNBCW66E0,0
ID_56B85ILCX8,0
ID_V3Q0QFN3T4,0
ID_37GI4OYTL9,0
ID_HA2MV6PFZS,0
ID_5N5BI0U58Q,0
ID_F3U5DZW3P3,0
ID_BGZMKH2VDU,0
ID_XFDCP9MTU5,0
ID_ISCCCXJ21Y,0
ID_5CFULPF1JJ,0
ID_0QH9VQ47NM,0
ID_7QHRBMEA9S,0
ID_XE1CFGGAMY,0
ID_APHQ0IP7GD,0
ID_9B07GT4JR6,0
ID_TYAFEXZXIB,0
ID_XKVAHBGOOH,0
ID_Q2M86L00CH,0
ID_O8EW28SHC9,0
ID_11JE1WE2Q9,0
ID_HN3C22WXBF,0
ID_P1QDGT6LSA,0
ID_W7919ZH6GW,0
ID_FPBGHB75L0,0
ID_I2NRKUBI9A,0
ID_2HBYGULJ9R,0
ID_TWK37ABMQ2,0
ID_J2MDRKJYK9,0
ID_7ILZHZGH9K,0
ID_WXJI6TL03O,0
ID_TJ7F2OF5V1,0
ID_8RVNVM01N9,0
ID_CHUXCRABNL,0
ID_J18KE39F5U,0
ID_L1Q2VS1GRA,0
ID_LM7SAKL5KI,0
ID_FTFYLFG6T5,0
ID_8K9MNEV1TV,0
ID_AD1Z0R1KAG,0
ID_BVJPDDUY5G,0
ID_V9LH7WPR9D,0
ID_WWJRZJOB0A,0
ID_FVQWGHGM7X,0
ID_55G7JZQ1YV,0
ID_WUACMPSPLS,0
ID_OMY0N98RH8,0
ID_5ERJLHCEIM,0
ID_3O72STCH05,0
ID_LM7OZ8AOKP,0
ID_WH1OZT5VPT,0
ID_CFMJY28SSG,0
ID_V2ZS1KEM1R,0
ID_0GLVBHIVUC,0
ID_5BL4VJM1VD,0
ID_SA9D19J293,0
ID_4FSXK3D66S,0
ID_WRY42UGFDN,0
ID_4CDHFZBSK2,0
ID_8UP3DIOTAX,0
ID_GBBMHQ49CA,0
ID_766U5OF90U,0
ID_6U3V3D46JS,0
ID_EASVMMNKB6,0
ID_EGKO8GFL9I,0
ID_FQQYVYK1OZ,0
ID_4PG481NLUE,0
ID_RFIMEDYDRV,0
ID_XKSXRJSAA1,0
ID_4HND4OPJ6F,0
ID_7XM9IBCHNM,0
ID_CKDYE00MXC,0
ID_R7CE8H3VS6,0
ID_KIX4CFKXE6,0
ID_V9CJT259N5,0
ID_I6DUDY6SOC,0
ID_EW9I7KYH85,0
ID_6TFVBDKYUW,0
ID_C87KT82AUO,0
ID_EDO47ZNRFJ,0
ID_3XOBL8XC7D,0
ID_Q240NDUEHN,0
ID_HRF8J48B50,0
ID_WX8JVFEPHD,0
ID_877LRLT792,0
ID_JZ7NWSU8OL,0
ID_JVYTU17IGB,0
ID_F4DF0MG2MA,0
ID_ZIJ6KQZ4HL,0
ID_4TDDZWBJEQ,0
ID_MCZ4TW82EU,0
ID_OKOFC0LKJG,0
ID_EP9NQTORV1,0
ID_AHA8C9V2JA,0
ID_959HXF04JH,0
ID_IW3CUDMER6,0
ID_TTHXJRE1YI,0
ID_FML8S931KH,0
ID_60IZEVUL2U,0
ID_RBWFFT6KV5,0
ID_YHLL8NBMPR,0
ID_JSDW2FGQ0O,0
ID_BRC7IFZGV8,0
ID_6ZV0187OD4,0
ID_92F8C2KGEY,0
ID_CXFPQB9VP4,0
ID_B13PZT7MDE,0
ID_8I8YG17LJK,0
ID_EM40W5B100,0
ID_LOXFWXTKNA,0
ID_LO2JUI4JUR,0
ID_F5C0TNQ2LA,0
ID_3BZM5XAYL4,0
ID_UCZMMJ4PR5,0
ID_FRVCSW75AS,0
ID_OYTFW2XX80,0
ID_KUSVSSCRED,0
ID_Q2CKMZY0PF,0
ID_JTQV8FZQ36,0
ID_7HPU29179D,0
ID_1GYPSK00WC,0
ID_JMUIFKIHFR,0
ID_MX4KSMXXH0,0
ID_Z95XU6RJAG,0
ID_EEHHH7UKB1,0
ID_C0NS95PLM9,0
ID_1VM1F4M24C,0
ID_G8LPZD74KX,0
ID_NWY08X2LOR,0
ID_PU23OSUWWV,0
ID_IGMJKW8BR6,0
ID_73LXWNOLTH,0
ID_MUO099ZBBD,0
ID_BUQ6CL3IN5,0
ID_9J6P9FPXW0,0
ID_H00Z7OM8WB,0
ID_ZQYH0YAMNW,0
ID_RIDUM7DSEQ,0
ID_W7C8YXSXPK,0
ID_73MQ3NSGOS,0
ID_YOVXRO4AND,0
ID_T5CGNVRF5C,0
ID_2AT1O2R228,0
ID_473UN9Z6O4,0
ID_7LEC195HBL,0
ID_B9ZW2053I3,0
ID_SCQGPWR9DO,0
ID_BGTAVT3L5M,0
ID_0Y091HK2LP,0
ID_ZTZSZQXCHZ,0
ID_H2QQHFB98F,0
ID_SQ8SGQ0CJP,0
ID_TF11MWCZY0,0
ID_QA8ZATZVCY,0
ID_CZ0TQB76ON,0
ID_NV86MPWGKQ,0
ID_NF84Y63030,0
ID_1JGJM44ZTR,0
ID_C2ZEP3WH3D,0
ID_QZE8FER544,0
ID_SJTWBFX9VZ,0
ID_2E7TD2BVF4,0
ID_E9UU02UPCG,0
ID_QVGRI1XFOE,0
ID_O83HMV6EQN,0
ID_57GSKTNDYT,0
ID_56389HYH80,0
ID_BV3QE8YDUH,0
ID_ZHGPBKF6LB,0
ID_AT27CHQJTU,0
ID_CC3HUXXHJO,0
ID_D2QIAWXBTI,0
ID_59Y4VKDKIH,0
ID_CTN5ISQJBY,0
ID_7TFB8NHLY9,0
ID_ZD7VJFMNXS,0
ID_U8LY5YP8SU,0
ID_YD4C4F9658,0
ID_3V5CCXBM34,0
ID_1Z8JLN02CL,0
ID_2K6V47DIVG,0
ID_M6Y6TJEL0M,0
ID_40WPJOUMCU,0
ID_K8XFEZSOD5,0
ID_1XWRHPVESI,0
ID_3RLZRJ317N,0
ID_8FB433SN1Y,0
ID_VPOZP0A83Q,0
ID_7808ZPE6YQ,0
ID_K59LRES73Y,0
ID_URYY9ZJ5IG,0
ID_XMJ3G3H9WY,0
ID_C39G088XSP,0
ID_EU6O7MMDXM,0
ID_OZVIV6A6NZ,0
ID_W1QTXP2O60,0
ID_Q0G7KR6ZNU,0
ID_HM9F2ROJZG,0
ID_UPXS8KQ6J6,0
ID_EK9UXYCILW,0
ID_V8W6H89OGZ,0
ID_J3NC7PN62I,0
ID_TLQAJTBC3R,0
ID_RMRPBQZO5J,0
ID_NISAH9R34T,0
ID_K8IJKUOFZQ,0
ID_4ZGK8WGKDO,0
ID_K8W8MMZGLG,0
ID_1Q1IPVGRYV,0
ID_ERM50VZNSJ,0
ID_6KNZ37JVP4,0
ID_YN8KG2KSDN,0
ID_83K66AI969,0
ID_LIHQ4F48OM,0
ID_FQ6PGKI23Z,0
ID_ZAEYPVG8S0,0
ID_YQHN91E6F7,0
ID_5772L6YLUO,0
ID_171SYFCU2T,0
ID_JT0OCWIY83,0
ID_0P7OVV0QN6,0
ID_G47H0P9Y2R,0
ID_ANF33LY448,0
ID_RHWITYDU0A,0
ID_1N61WSM59Z,0
ID_OG4F0ZWEHN,0
ID_FWQ2SY2H6G,0
ID_OZ5TA8H0ZY,0
ID_ZCVWWMM9D5,0
ID_FY1UWXCRKJ,0
ID_UU37F251E6,0
ID_YFK8G7FRJA,0
ID_JFSU0OLSYU,0
ID_8JO91ZXO23,0
ID_D61KDPZ1OF,0
ID_8WDHZI1V9M,0
ID_POF843M28G,0
ID_MNNDMWCXTR,0
ID_9YOZALZNOW,0
ID_LAMC1CYS7P,0
ID_QFRQCO4YOP,0
ID_QJBTHJOPT0,0
ID_W2OBP6GICP,0
ID_2YVKEX6KCU,0
ID_P34U41YLR0,0
ID_9Z432WELEL,0
ID_JQVNDHIQP1,0
ID_XEQ2USXM7R,0
ID_LUXNY9VH6L,0
ID_LUEBU4I4V6,0
ID_KA707YJI1C,0
ID_NV4NAKG2OZ,0
ID_7SHQKOXR0G,0
ID_O85FTHM5WI,0
ID_RIWDQ22WOZ,0
ID_S3S4KCZX2Y,0
ID_WCBY9SSBMS,0
ID_MJYRPHR6TE,0
ID_TR9IGRMBZL,0
ID_ERLSY82YAN,0
ID_WKJ19CTXXC,0
ID_HPEVV6NCQU,0
ID_Q9JSGX0CPY,0
ID_TK9JMV8PPN,0
ID_0S1JS498Q2,0
ID_C1HYFPWMGF,0
ID_BTUEK05BQO,0
ID_B5L1AMFB9R,0
ID_E8EQRDB84Y,0
ID_F6FYP41KKU,0
ID_HTHRDYO812,0
ID_B0JGLB0EQ3,0
ID_RP8RW8MJBT,0
ID_OZQRO2WG4B,0
ID_24E3MPR81E,0
ID_2RYK1FD8QB,0
ID_46GRSMIDXI,0
ID_5P77X5145A,0
ID_U5BB3SP27V,0
ID_A5Z1WO0779,0
ID_ZCQ5LGQ7G8,0
ID_XOCW74ND8T,0
ID_6VFCKMR81A,0
ID_WRHVO3CV9V,0
ID_YPZJK1AZ0U,0
ID_JGJCCCGCSZ,0
ID_LXHGXN29CI,0
ID_9VQVE2BFM5,0
ID_V5NED2DJC8,0
ID_NOGANI5QCP,0
ID_GBWCOGV88T,0
ID_UTLVXX83T2,0
ID_BG678HMUDR,0
ID_PX8DGYQVYN,0
ID_8B6HOWDF0E,0
ID_0VDCSAZO4K,0
ID_PNR18WAEXH,0
ID_8JIRPU32AG,0
ID_V927UB585Q,0
ID_D4ASJUXSS3,0
ID_LORDLRKRKU,0
ID_2LI98SWA3Q,0
ID_ZZSIUMMQ5V,0
ID_A1W75MQG08,0
ID_5Z5GUCLKBA,0
ID_GFNBZVFIYE,0
ID_R9C0Q7QVL4,0
ID_R17HWDOIEL,0
ID_JM9EG52WCN,0
ID_6XLFU6C8AA,0
ID_X3E9F4LQVN,0
ID_OZNT9GTA32,0
ID_3K91UEPDGD,0
ID_YLG4YMCA3V,0
ID_5MK173155Q,0
ID_A2LUUIP96M,0
ID_U97OUBZAMF,0
ID_937K5PGGSN,0
ID_WBG4I5460Q,0
ID_BYPQT832T2,0
ID_IAHQOAS2Q5,0
ID_VMSM0T7LM4,0
ID_MOA746275X,0
ID_MZ9L17WJAL,0
ID_URJEINGHK0,0
ID_6X2QDGXV8V,0
ID_RZR0M21JMI,0
ID_EAIMJH0NUK,0
ID_00JBKK1OOM,0
ID_FG9MO31NU7,0
ID_U43Q9FDTVC,0
ID_VDPDB20MPB,0
ID_Y6KN919IGF,0
ID_KIA93HAK9C,0
ID_0C6DZY6LOS,0
ID_QTLQB7GEI7,0
ID_UFHY6V43HJ,0
ID_6J5EO08CTJ,0
ID_9YHBSEQC9R,0
ID_Q9JNPV1UWN,0
ID_MP1PTSVKP8,0
ID_QXN0HMK6U0,0
ID_511P9AT3YV,0
ID_T1Q4UYPY4D,0
ID_KA541YHHQP,0
ID_KG76ZD92BF,0
ID_CKOFKZFJC7,0
ID_RFSYLJEAUS,0
ID_2J3RKVSASG,0
ID_X8P1AF4E0P,0
ID_WK8N79O23H,0
ID_XMD0O5NFVB,0
ID_DU0TAIOH5L,0
ID_9LJ4HC2DI5,0
ID_4COFOSP5KK,0
ID_A5ZT8M5VXS,0
ID_0QQSN75DCB,0
ID_AZPEA897D2,0
ID_O5A6GAYRD9,0
ID_KSLPE0I2BN,0
ID_FPVPM9SZ7K,0
ID_5OSGPNXGMM,0
ID_MIFUPCFPBY,0
ID_DV2MBZ3R97,0
ID_DM8LXN5UVQ,0
ID_P6B25XMB05,0
ID_IODNMLHGRQ,0
ID_NW6GSFAAW1,0
ID_JRKIF32JGI,0
ID_X5RFMMACMS,0
ID_DASK144HJB,0
ID_APFC8DFK20,0
ID_TKOXLBC2CY,0
ID_0P24UKIZNU,0
ID_J0OTZ5FKGK,0
ID_NOMZ14PPOQ,0
ID_491F3SDU6S,0
ID_IIAD6DMTP0,0
ID_ZXKPS2NMDX,0
ID_0BFPHW0AX7,0
ID_PHXYO1I5FO,0
ID_AEM59NVPXZ,0
ID_DAQABGB66I,0
ID_YJU8PHOKSW,0
ID_M6WZBCZZ8N,0
ID_R448F5XTLD,0
ID_H58KY512HJ,0
ID_TSJMLLY94W,0
ID_VJY8V9XEDW,0
ID_JV9YZ9YUQD,0
ID_R90DEXAV4O,0
ID_7RM5CRUQ1V,0
ID_NWQHXKRL31,0
ID_XE2FJSRSPB,0
ID_W6NUMDB173,0
ID_EJ723TIXWG,0
ID_SEIIY5BRQ7,0
ID_BOPQGRC28V,0
ID_RQRMWP2BP4,0
ID_6S123U57TS,0
ID_AI9TOJWNU0,0
ID_3J83VRPMGE,0
ID_NZG0CMC1SU,0
ID_8KX74E4OVX,0
ID_ZG9KI6OREW,0
ID_7XXLZHVOBZ,0
ID_8DPMY60V8R,0
ID_F8NCQ512IQ,0
ID_JNFEM96VEO,0
ID_0YZMIYGNE8,0
ID_A94IZNV2JG,0
ID_FZR8850G05,0
ID_F5KEQOC59A,0
ID_HN58BMMGYT,0
ID_8TBDGBQZE9,0
ID_JRVT1HV9U9,0
ID_YTWSKXO1BX,0
ID_6SX1FC20YP,0
ID_FXS5V9QLE6,0
ID_8XA1FKS1Z1,0
ID_ZIJ0HVNFPT,0
ID_R4WY9Z3WRF,0
ID_4SQXKWBTP8,0
ID_FNDKSPFIST,0
ID_IM9GAWHIEA,0
ID_I74C51KE0A,0
ID_5IX1H1T9MJ,0
ID_1G31UXFCI4,0
ID_5CPBTVFURQ,0
ID_4RPSHIHL5E,0
ID_KFT253324N,0
ID_7FXS4MF9DX,0
ID_NWG4JEBEEX,0
ID_A06OGZ0L03,0
ID_R13DYL9RFZ,0
ID_L4NGGT0AU7,0
ID_3D97ETY6TW,0
ID_7JCOOGLPTT,0
ID_JZY0SDCARD,0
ID_QYWI3H2O11,0
ID_2Y9FT71AA3,0
ID_29QZ3RU7OJ,0
ID_ADU4BIP8MB,0
ID_O6OS5H8FA2,0
ID_E8QCRE5BVG,0
ID_ON6EBQ2VAL,0
ID_W1EH0MRROB,0
ID_MTEDOJWXO7,0
ID_NK3L8ZSL88,0
ID_A51HI4PDOM,0
ID_ENX4M28ATW,0
ID_YEAS4MHZB8,0
ID_BNH3O4YHPS,0
ID_MNP1GH4URP,0
ID_ZNOEDR0021,0
ID_NMQZ9QD73Z,0
ID_KM8SJXH80M,0
ID_5LCZL8ZFHK,0
ID_WAXHYE7ODZ,0
ID_3XBVN7MEZ5,0
ID_I6U3B4MI2T,0
ID_TYBWCMSJGC,0
ID_5ONS3ZV5PU,0
ID_IZ27M8MPES,0
ID_FVEW3PWVAW,0
ID_WH886YJP9I,0
ID_LU9I4LFSUK,0
ID_9OW0HQKYCN,0
ID_RN3D85VHT6,0
ID_9GNFQD7WXY,0
ID_OMUPGW12EI,0
ID_Q7L6XKF4NV,0
ID_S9SUSO636K,0
ID_2J6LMDHSYU,0
ID_2LKVSFWN9A,0
ID_SYI623ZF3N,0
ID_ELC451Y8SU,0
ID_Z8JN0DDRX6,0
ID_TYMV8FYHXC,0
ID_7U3KTG2Q18,0
ID_IZF5E5OSFB,0
ID_E73L8ZI18Z,0
ID_F5UTU11EP4,0
ID_HXURCTZUH4,0
ID_62RLH7CVJM,0
ID_R00ANRQ7KJ,0
ID_HFGAL9QTE9,0
ID_QZHGKJXATZ,0
ID_93LGXLSIU0,0
ID_XBGQMUDM4M,0
ID_UGM9ZMK3MI,0
ID_E8TDPB2P7M,0
ID_V8W7G1PN7D,0
ID_1VU3ZE1AKS,0
ID_CG966AF2WC,0
ID_8PX6KYFJQY,0
ID_95TY7UEX72,0
ID_33CBIEY3QG,0
ID_MWG87OFUKN,0
ID_PB2KHIMJ3U,0
ID_23DU2NUYVW,0
ID_S5ZPFXD0Y1,0
ID_422KWTTKAN,0
ID_4964XF5NKG,0
ID_34FYV6H0V1,0
ID_N5UG0NNJXP,0
ID_X6N3SOYJFS,0
ID_5M5EC7NWVT,0
ID_G97UO7LR0L,0
ID_M6SQ2OLUHF,0
ID_LKU9AY07NP,0
ID_O8OA7RVVW3,0
ID_LHRZ3K5KRQ,0
ID_YBMGF7JINZ,0
ID_Z00BOISSS5,0
ID_IOVQTTNMU0,0
ID_IZ6CYIV5QT,0
ID_NMZJSXY49S,0
ID_1S608IW2Q4,0
ID_JIA1LBX6KB,0
ID_ZYE0FS5J5L,0
ID_T2YMR4914K,0
ID_GUB765ZIU4,0
ID_8F20H2QC95,0
ID_C5E4LZQCP4,0
ID_TKRAD8TEMJ,0
ID_PPT7NFK5H5,0
ID_POPRHBOGOC,0
ID_RP7DMQ4CV9,0
ID_0Q5G1P1C02,0
ID_KGJ9P7YJMC,0
ID_DF0XXO8UX8,0
ID_XLQJNEL0BT,0
ID_O0F3UACPM3,0
ID_DW2GZB8100,0
ID_AJIE1K8SYC,0
ID_63BUFHZ4XJ,0
ID_4Y536MI4D1,0
ID_PBWT0IV4NF,0
ID_7H78722E9Y,0
ID_2Q67XFFPF8,0
ID_XYTVDQ1JSE,0
ID_PD50KUB8GC,0
ID_KD5KKSFIKL,0
ID_OPUNUAR3QZ,0
ID_7QV3RNWRPW,0
ID_59YQ67ZUWV,0
ID_X1TAI1B8DH,0
ID_X4PAQL7ZYH,0
ID_QGONBHA454,0
ID_4WE563CHLW,0
ID_RD37TPF2YY,0
ID_XRYO2EUP3W,0
ID_N5PPLUQY2E,0
ID_1M62A3YKR0,0
ID_BNFACHQGPG,0
ID_VA893GMH9Q,0
ID_P0756PIIJE,0
ID_WV7X8K503Y,0
ID_YUK7KTWFUC,0
ID_R1HVS19Y3J,0
ID_6KT3LBC5NR,0
ID_MZ03OM41HZ,0
ID_8F3OKUDGAL,0
ID_ZI7Q5U6AXH,0
ID_99EVY7FABH,0
ID_37S7BQ5DZH,0
ID_82TCRLO012,0
ID_RVM1P4POFM,0
ID_67YGMYJ92H,0
ID_UFK7H5YEYB,0
ID_2V0GOXO84N,0
ID_6FCDK9LBVE,0
ID_TOUQL2IQPG,0
ID_P8XPYLJW72,0
ID_1WRA80XGLC,0
ID_OJJ13N9DSA,0
ID_0BBSCZ3XCJ,0
ID_ZEGLNC3BNC,0
ID_E893P5NTUY,0
ID_B3163HQHJE,0
ID_7ZXKBUI2NF,0
ID_DJ3PHRETEJ,0
ID_PC3Q1CUXF6,0
ID_ZKY4WC3JFP,0
ID_IYMTQ3L1MU,0
ID_PHBLMKAML3,0
ID_GTTHT10JX6,0
ID_JRSN98DBZD,0
ID_J1MRFKKBVD,0
ID_HO5DOTYH1J,0
ID_PZJEMVIDY9,0
ID_VURH3JIDOJ,0
ID_OEUHE1JR7S,0
ID_OK3QYFAMXZ,0
ID_X7J2CEJNPA,0
ID_CPQJNGFTWY,0
ID_53YLHNIBCQ,0
ID_B82JHK7IDE,0
ID_QP0T4U8P8Y,0
ID_5PRVYC6TD5,0
ID_OATEZ23VTG,0
ID_QYW59NGD6O,0
ID_TZX2A2QS97,0
ID_QTU6QWQL44,0
ID_3X86R0YDRT,0
ID_956UY2CANK,0
ID_4MU79AKSKT,0
ID_INZSTFBZMD,0
ID_UV5BQY3YMT,0
ID_8C3X1UQW4K,0
ID_XNL6K8H9WL,0
ID_LC6P9NSAYQ,0
ID_CC2ITHG6MD,0
ID_A0MXV17MT2,0
ID_8LO43W03SN,0
ID_202RSF2JOT,0
ID_50S21C246V,0
ID_H9DCBUSQO2,0
ID_HMDFIXF44Y,0
ID_7G2NJSX1BL,0
ID_VGJB9XST5O,0
ID_UUFIL8DPW6,0
ID_CHX7REUXTA,0
ID_TOS6CD8YUU,0
ID_CKW147DHJ3,0
ID_FWYB1EIEBO,0
ID_ZOJCBO3WU6,0
ID_ZBVW5IER1A,0
ID_JM0M8L4HJS,0
ID_C83S7QX7KI,0
ID_9FYHEIMENI,0
ID_WCIG8ZT85S,0
ID_1GHZ7A1HUV,0
ID_OLEV8CL2QR,0
ID_SI0BE4T96Y,0
ID_J8RV429FVM,0
ID_G0ZG9I4VK5,0
ID_RO95JKFH0H,0
ID_H8AU9OWP75,0
ID_ZCH2VHTISP,0
ID_TIJN9X58GB,0
ID_9K456FO5BI,0
ID_MR2QDYBNQA,0
ID_IOXFMOCEWV,0
ID_J3N6D43X83,0
ID_5RQ2L04GKY,0
ID_FVXR6BLRXX,0
ID_N7DQEVIWRQ,0
ID_RGAB6NUQUO,0
ID_IFWNV4FU7N,0
ID_O934IVFIR8,0
ID_LE0K7U53JI,0
ID_EAXRU4CIMB,0
ID_DI7G5XZAQP,0
ID_59N8HDKQB2,0
ID_HB02W0RKRR,0
ID_7TAXSBTI1R,0
ID_DXQG6IR45V,0
ID_I17DVBD88I,0
ID_VEMDXMMVQR,0
ID_CWTD42LVK3,0
ID_ER83071FXN,0
ID_MTJ1P0ANPH,0
ID_2D5J1BDI7G,0
ID_X9J23U5S5Y,0
ID_WDGQ4LVZEZ,0
ID_V8ZWM7HJ8I,0
ID_VGF71V2SB0,0
ID_FGJAENYG11,0
ID_RK43J7PEUH,0
ID_L65GN5DYJ3,0
ID_O5Q0P3NZK7,0
ID_2ELK5X61SY,0
ID_J9VGS5LGZ6,0
ID_AFAMP3NB8N,0
ID_B6G0M3NOFP,0
ID_AMO5W2ZRJN,0
ID_65452XRVJE,0
ID_0D4NJKSOL1,0
ID_Y44KLCXXL9,0
ID_VB2M0TRKP2,0
ID_6EQBZ05E90,0
ID_KKSWVTVSLL,0
ID_06L0P0HMT4,0
ID_P1UBO8BAUL,0
ID_9RAFFW3KHE,0
ID_2BMNYI2G53,0
ID_U162VDHKQR,0
ID_AF94EODUON,0
ID_2DBQ8VCK7M,0
ID_2YEPHEIM73,0
ID_SZONCSX19N,0
ID_C5OM904H4Z,0
ID_APWFLIAKK4,0
ID_FK0LR6TFZQ,0
ID_CLMPFXL136,0
ID_H7PRU5GKOD,0
ID_T9VG3HG8SP,0
ID_QU8JG4H81D,0
ID_9FVXMSZ9TH,0
ID_RM01MLH2OG,0
ID_19HR7M6V8A,0
ID_UVET9R70KX,0
ID_QLBT5XOZMA,0
ID_JV4A9I6TFL,0
ID_HHYL17U2IB,0
ID_F8IMGSCNI6,0
ID_G3OLJ1UEV8,0
ID_5TOKNYF1Y1,0
ID_V91HJ5RWIB,0
ID_GAIHAPXSVG,0
ID_6G6H8FP052,0
ID_IVVSY8X4CN,0
ID_JX1ANNIN4I,0
ID_7W5U6WO4U2,0
ID_4SO136AVK3,0
ID_A9LNEJED6P,0
ID_KZBZU0O2QO,0
ID_6VKCVV5YOF,0
ID_M6A6Y3U0LZ,0
ID_N61ZQ14YJK,0
ID_17F7M6IHLV,0
ID_LH8B2RTJWS,0
ID_8ERIIDIFJ9,0
ID_YEKHNOH7HH,0
ID_507IBP5DAO,0
ID_9JNBGAOSWN,0
ID_PZNXPJMS0L,0
ID_Q1ABSOH230,0
ID_LEKIZ2Y05W,0
ID_VEHV0E5YPE,0
ID_4YQC6TCFCE,0
ID_4WRCUSUEJU,0
ID_5G880KFTEL,0
ID_CIUEB2BP03,0
ID_1QKWD5R53L,0
ID_F33E5187IG,0
ID_SVQDYPLCYB,0
ID_32PH2MZBAW,0
ID_4HGH9NNMAA,0
ID_US5NTJSFGL,0
ID_LPAO3BC3DT,0
ID_KY1Z87BE2P,0
ID_WX0SZVFH0R,0
ID_TBHPX0BKWB,0
ID_8FN0MIQA7P,0
ID_9Q0APWVVZY,0
ID_TEEPX636WT,0
ID_VFYNPXQOVI,0
ID_JSON0156GZ,0
ID_CKYD48E1EN,0
ID_KVCIRUCZ6F,0
ID_BOVTASHDB8,0
ID_CW5YOVFLGW,0
ID_UJQ0L0LXSG,0
ID_LUUIKICJ19,0
ID_WU99WQJ20E,0
ID_QI4V7XEVBT,0
ID_BV0DWUIYM2,0
ID_CSB0G5M6OT,0
ID_BOZVLMIDR9,0
ID_M7GP1NY5VX,0
ID_Z1QLWB521O,0
ID_G4ZFVKLY24,0
ID_H5X9D2WCI0,0
ID_MVMJ564GYE,0
ID_C8RIK0G18T,0
ID_12K22HP6PQ,0
ID_ELVM7EFT85,0
ID_VTORTMXV7S,0
ID_RNOWDC2ZNX,0
ID_O69MPR5RUU,0
ID_XOWP7XZ45X,0
ID_LBXWXDVQ12,0
ID_VUG9NBZE67,0
ID_7AZGDV52VW,0
ID_UDUCO2MGJ4,0
ID_YBJVBB9TPP,0
ID_7UTBWGJXN7,0
ID_V9F6SYTI0D,0
ID_9KU2P2H33U,0
ID_Q5XVMQSTNO,0
ID_I28YLDA2DY,0
ID_33O7PUU01W,0
ID_3E5VZNT4KM,0
ID_5H8MHF5FGK,0
ID_X3W6JUC7DU,0
ID_9P5NE7ERN9,0
ID_O8LH9YG83J,0
ID_AGSH1HPKN4,0
ID_5Y0N3B4IL7,0
ID_4BCFU4NEXO,0
ID_2EWDJ27TGT,0
ID_5WI3HU7LN1,0
ID_6P431DYQIY,0
ID_9YA1CLRY74,0
ID_OKURVH7DLX,0
ID_1A1OXWKRJU,0
ID_IV59T1DTLE,0
ID_6H03O9YZRE,0
ID_A0YQ8NMPFK,0
ID_3Y1ZEYEZL4,0
ID_HKQCALMFWE,0
ID_BZUPVY5SG9,0
ID_8Y1NV5XCHZ,0
ID_KYX2GFQEK0,0
ID_BHNQPCBSYU,0
ID_8TRUYXWJ3F,0
ID_TZBYF54KPC,0
ID_JAGEBFMJUY,0
ID_M8V8YMCP98,0
ID_9DVJPCEVHX,0
ID_CNYE1ZSBCU,0
ID_JQO1Z7UP47,0
ID_HOQA0ROQJQ,0
ID_HBJH5P4NFH,0
ID_EVFFYE1D16,0
ID_DRRH4P7AIZ,0
ID_329UA5B4B5,0
ID_W7BIKANGLZ,0
ID_JVX8I2DMS1,0
ID_QFVXCDMEWY,0
ID_EZMWMXME54,0
ID_ZDUOA5YJ25,0
ID_SMFG78WX25,0
ID_7BWVWPB925,0
ID_C9AZ1TSG64,0
ID_TRCK22DN0W,0
ID_H4DPNFP1SM,0
ID_MEVE53BX0Q,0
ID_4GTXDR6C41,0
ID_PLZ4ED2PND,0
ID_GOMGDHNT6Q,0
ID_Q7EU6BKRJQ,0
ID_K2YN4UOTBE,0
ID_5CG5RK3MHS,0
ID_7ILHB3ROXO,0
ID_UG0BDKV3ZM,0
ID_MDZLV6BIEN,0
ID_OQD1TABK20,0
ID_NM29MTL82E,0
ID_VWL53EEC49,0
ID_0KR3RFPOX8,0
ID_PL6DDLXYKR,0
ID_IUKGOEJFNE,0
ID_67S8EGKEAJ,0
ID_J36TJ2U5C2,0
ID_R8UVTXEW13,0
ID_DXYZX3HE6B,0
ID_MCZSTHRFMF,0
ID_TWUTHYCNWK,0
ID_0KONXCS5GL,0
ID_910YUAV01N,0
ID_PRK58BEVT0,0
ID_YZTX3J5TX4,0
ID_Q0KYBJRY5E,0
ID_5VBWYZWF71,0
ID_VT4RE8UW6Z,0
ID_PB9PYP2BL5,0
ID_VG9JMDPMU3,0
ID_XFJ2C3N6OE,0
ID_0VFJGT3TF7,0
ID_WLENITWLHV,0
ID_9IEUQZTPZN,0
ID_LSGSV7GY7P,0
ID_NV8XID28BY,0
ID_WQCCYZS5E2,0
ID_FEEOSA09MV,0
ID_CPW7BBZRQ9,0
ID_UZHKNHNOM1,0
ID_4UNNSIEEAK,0
ID_4L7XK6B5AU,0
ID_7G5DN9BCGZ,0
ID_OP9WBGXFRM,0
ID_28PUFDOHCK,0
ID_78D4XTJX7J,0
ID_ZPGWD49V33,0
ID_481INJF6XG,0
ID_704J9PI2RB,0
ID_S3GP2VJ80I,0
ID_0RGF68SRL9,0
ID_T2Y6DE8TF7,0
ID_N6ECF8EQDK,0
ID_6UDD4G3SY6,0
ID_IS6IMIHVCY,0
ID_1O37O2L74H,0
ID_ZH6QNHE3NP,0
ID_W5FQQ3YL9S,0
ID_K6C548VVOS,0
ID_FABKVSR1BD,0
ID_O26RWOY0MM,0
ID_Y02DKUX2UP,0
ID_3TQZDLI61W,0
ID_QLXGLL0EZL,0
ID_OTZ3VEYMZJ,0
ID_NKJP0853X1,0
ID_9Y2NRIXWEG,0
ID_75L3A07UCD,0
ID_R3NUM63S0D,0
ID_XF15RQCIG1,0
ID_3KZ9PRV9UM,0
ID_Q2HYIYEKAR,0
ID_G50765JZK7,0
ID_S8JOB9YTNM,0
ID_KSWNQOZR3U,0
ID_AEIF1UB2EB,0
ID_FIUVCUGGMS,0
ID_0TY1EZGH73,0
ID_Y7AVTJHYUE,0
ID_K7CVSEFW5K,0
ID_2RWOELU3XU,0
ID_YP1XQ4KW4B,0
ID_27VIVQ5LZ7,0
ID_3QHAUY4GWM,0
ID_M0J98RMZOM,0
ID_SQSP9UY73V,0
ID_1QKEVYPOLP,0
ID_BRSW07I1L3,0
ID_27HBNFM9SA,0
ID_BLLTBY04WI,0
ID_R4LPFB2R04,0
ID_TVOQ8YY10I,0
ID_IKM9RDG8V2,0
ID_KQD7EU6KRA,0
ID_HODVCSWK8A,0
ID_D8CO40453K,0
ID_TJUUHS1QU3,0
ID_LB8EH7UU11,0
ID_WIEOBVFPZ7,0
ID_PREE6HY7WQ,0
ID_YDOHX1G2P0,0
ID_821QDG0QQC,0
ID_7ME70YAZJ1,0
ID_6M1LNJMNMH,0
ID_48H1XXQUW7,0
ID_GSWSRGMALS,0
ID_OKZXZIIP44,0
ID_CC48JPTP6F,0
ID_RNBIOJ5Q9N,0
ID_ZIOA9RJWFZ,0
ID_U9GT8J54P9,0
ID_09K68LJC2F,0
ID_Y1N565CROU,0
ID_8XEDDXD6MU,0
ID_U9LYJQ2ECC,0
ID_RICJH0FRIZ,0
ID_AOLQNP0224,0
ID_HZ0JKKK8AS,0
ID_PMCF0L7IL5,0
ID_RK7GNMXWDG,0
ID_NV6FT5G1PG,0
ID_PGP5AZVQZD,0
ID_LEBQRAWAD7,0
ID_EKPTLMG802,0
ID_2O97Q2A65U,0
ID_781J67JWU9,0
ID_JJYH3FF4RB,0
ID_LOSHUBTCUA,0
ID_CMIRYAUL4A,0
ID_X5J0ZB5J1N,0
ID_L74GJWO3M8,0
ID_2L4GFK9X0Z,0
ID_B7HY76W8SO,0
ID_FCQ0REF9QX,0
ID_622Q844XWL,0
ID_5ERZJGEU1K,0
ID_881S9A9Z1D,0
ID_IQ29BM0I9K,0
ID_ESAU5K73KH,0
ID_45X7P96LTU,0
ID_ZHQD66R3C6,0
ID_5OZUPXBNY6,0
ID_X92253R2OU,0
ID_3LNIVSHU0D,0
ID_R9KFMGWLRL,0
ID_55VOFPGMGD,0
ID_QCWM615725,0
ID_05Z0DLPM99,0
ID_5IA6QK7Q0K,0
ID_FG6DH2B7ES,0
ID_FKAFYHMPSR,0
ID_ZXLX12LBKC,0
ID_EHVK7OZGA8,0
ID_QNLQVF74QB,0
ID_AYSOWCII7Q,0
ID_BG5SH2614Z,0
ID_JXDLFJTP6I,0
ID_UVCNCHBTHJ,0
ID_D95PTUZKIR,0
ID_BRKNRM9XBV,0
ID_RQ92H5K42N,0
ID_ZVY3VPIENK,0
ID_DFFP0O11TI,0
ID_WWAMD0J4J7,0
ID_3O2ZUT59OO,0
ID_G8OSY3JXBC,0
ID_KD0BD6CM5G,0
ID_29XFJYRIR8,0
ID_XGS82ANKQH,0
ID_ER55N4XJIP,0
ID_6QU9N959L1,0
ID_MMVGV3VKZS,0
ID_BB4EGBDM55,0
ID_JYWR3X2TCI,0
ID_4MP9ACGTOI,0
ID_CPP6LMPWU2,0
ID_PM7YWJ7KH5,0
ID_FMOI97LY4H,0
ID_C0G6HTM40G,0
ID_2OCAZ1EQQH,0
ID_PNC6ACZ0LY,0
ID_QLVO8J4BFP,0
ID_BPLXUUAV4P,0
ID_G0MGEWCB4G,0
ID_HFX7C5BUPI,0
ID_SOJ4LF54WB,0
ID_CEACYHNTVM,0
ID_MVA8X6ERVS,0
ID_PACVH808U0,0
ID_7LJOC9Z70N,0
ID_Y86KLCK3IN,0
ID_65MRRLB3CF,0
ID_WH7COEIB7O,0
ID_8J9VB1A1UP,0
ID_CJNNIXMP87,0
ID_711QHZ83QV,0
ID_SFP0H3RAG8,0
ID_FRAZO5VE7B,0
ID_ZO2ZIX091P,0
ID_U4BXX3NK4Z,0
ID_B3WEWVBNLC,0
ID_Z9IKDF3QTE,0
ID_QHO8JE96NR,0
ID_1LNN4OAUQS,0
ID_2JV0ON9SET,0
ID_E2WZFK941C,0
ID_3V9T4Q3SXN,0
ID_NEGFP7QR7W,0
ID_M19699RJRB,0
ID_TZ7TV7SZYC,0
ID_GON3JVJ870,0
ID_O6U3H4DBVL,0
ID_PMZVZRKTJX,0
ID_B93QLFS60C,0
ID_1QOK062UO6,0
ID_RCS53NEORR,0
ID_YGSY1TI1S8,0
ID_Z7GZ7X3D6M,0
ID_NI2069O1Y7,0
ID_9Y7FZBFYP6,0
ID_O9TCSS5QGB,0
ID_XIZSPBVSXT,0
ID_YYSZC5PXBI,0
ID_B9ICH4TAHX,0
ID_J014LAFVW8,0
ID_UDOQ68HM67,0
ID_N9WDA8G4OZ,0
ID_O1EA6GN6XA,0
ID_5F52DISLBE,0
ID_FA12AG5VJO,0
ID_L52WQ3SBFY,0
ID_95L3VAWATY,0
ID_MKHAIGK2BR,0
ID_SK4PAK95DK,0
ID_FV1SIFFRQJ,0
ID_6H4KZWLPV5,0
ID_AYPTRINX94,0
ID_PCADZWYQ9W,0
ID_XLU5CZZASG,0
ID_ZWUEUNLDT0,0
ID_BK6VJZQ8E5,0
ID_M0HRE27YFL,0
ID_BS5BW65C3D,0
ID_SKHD3IR7SA,0
ID_NX6GHCVKY4,0
ID_TWLICFCZ99,0
ID_W127VMQLIC,0
ID_AKNT9E2D2A,0
ID_VNGDRPWOIQ,0
ID_EKAWB4X61Y,0
ID_N7KCYK7LHW,0
ID_NQAL3CKUYE,0
ID_SZU4WMN3NP,0
ID_SI2S682T4V,0
ID_MZL8ZFY110,0
ID_GQRT37O4ST,0
ID_9AAFLCRUJ5,0
ID_OB498ORNAN,0
ID_R4G8BFZN5U,0
ID_YJY6P6XDSN,0
ID_OMN1DRZ9FV,0
ID_MGGQ3EZKMR,0
ID_5A2AZ1JK03,0
ID_TNLE8O9K7U,0
ID_B7TKSTYUWA,0
ID_EEMEP61QGJ,0
ID_HBW8XBJFWC,0
ID_KR2VH3B799,0
ID_P5FPUFRL4Q,0
ID_LW6EYY8M75,0
ID_WGPLBRSSUA,0
ID_GSHUK2WZVN,0
ID_WT9ZMLSP65,0
ID_L74J799FNJ,0
ID_2SE0PWW8W4,0
ID_AHM3MSOAGN,0
ID_4PFE3JG6HB,0
ID_IUOGEA8JQF,0
ID_QWQH2V0A79,0
ID_XLCUXW2TTA,0
ID_O2HDTD8Y2N,0
ID_0NE7JUHYL3,0
ID_MMT93VDFFW,0
ID_TAAA5ZDTJM,0
ID_6JNPATJ37I,0
ID_Z3JUM5409O,0
ID_EF1OY5RDML,0
ID_B1RCJEXB3D,0
ID_FQ54QBDH2J,0
ID_TMBMR294XJ,0
ID_ICLYY8VG7B,0
ID_O52G1W78I9,0
ID_HEZURHJTRI,0
ID_E0OOPRHPLH,0
ID_KGH0ZEVL2Y,0
ID_F00P765YQA,0
ID_6T8C4LNL4W,0
ID_FKTVG1HQ0N,0
ID_RTBL36YW9N,0
ID_GB3RMCYZ59,0
ID_M9J44JPU4K,0
ID_DZRW0BV8IJ,0
ID_ACFK9GQ9Z7,0
ID_BP3PJ279FV,0
ID_JYN8OJTJ2F,0
ID_85TSMWAKDC,0
ID_HOX0B408A4,0
ID_6GDNUHBYP6,0
ID_9VJHLKDTON,0
ID_QPYA09GYYA,0
ID_RK88EZBOWR,0
ID_VHGGKFKX3O,0
ID_MCYML8K0H7,0
ID_QWH8LGUZ0G,0
ID_AIFX9G0YGU,0
ID_693VHQH7N1,0
ID_1KLKBLRSW1,0
ID_K8ZN4DDJ1Q,0
ID_45HKCDRFCN,0
ID_1YDOX3R60B,0
ID_Y3G4NBWRBJ,0
ID_ZQTJF8KEQX,0
ID_FXMTPAA8VR,0
ID_9E7OJF8SS1,0
ID_QUUK8IJ669,0
ID_BDTC0SM398,0
ID_N3I7OVS833,0
ID_K0H45OAAS0,0
ID_E72ZTWZBL1,0
ID_NSJDHUSP0H,0
ID_UK2XILG1RU,0
ID_K06WT549AV,0
ID_UN0IF4ASVG,0
ID_3IBQK3J0ZN,0
ID_HLQ1ZZ1VW7,0
ID_ITR3HKTKUK,0
ID_NAH7GJ97PO,0
ID_5S19LCTOKF,0
ID_6EA1OQ8JVG,0
ID_5A541KCJF5,0
ID_FRXSFXKZAD,0
ID_CS6G7MS45A,0
ID_8S81HR9XM7,0
ID_PSR301V1M9,0
ID_R8AX9VZ46E,0
ID_DI61AGZ2N6,0
ID_5SAM97THF8,0
ID_F86BBL44CO,0
ID_WA7DYAZSY4,0
ID_7UVZPNUHA6,0
ID_XZDHJ5A2KH,0
ID_M1T3S50WVB,0
ID_0SKE6FLOMO,0
ID_0BDMPV85OB,0
ID_X14U3TRNOW,0
ID_M1CHTQU5YE,0
ID_IZ7SZFMI4X,0
ID_P5TZNL53F9,0
ID_EBIBSBG7U9,0
ID_KRSJKDSS9T,0
ID_YEN8TJP1OF,0
ID_VPHNNI8W9F,0
ID_YLW2JGC8XS,0
ID_SNEH9PBYLJ,0
ID_9EJU7PP43M,0
ID_JGEEJ9J0G7,0
ID_YSJJPYOTP0,0
ID_LT0NMU9PW8,0
ID_1ETI5P1J10,0
ID_5HAQ0PW554,0
ID_QJPUXG1D46,0
ID_ZT352WF5NP,0
ID_SG7G4K2131,0
ID_KNSZWC6R9M,0
ID_Y5G9OLIXHD,0
ID_JSXEK7LOFM,0
ID_X9AC3Q81GC,0
ID_JLZ3NI8QYJ,0
ID_6R89TJ9WU9,0
ID_DD5CW7FTOR,0
ID_Q0I6AWNULM,0
ID_B8Q0H4RDZF,0
ID_85WQPLBLAG,0
ID_QXYZT7APPY,0
ID_EM2IZPSWV6,0
ID_IM9QKN5AW6,0
ID_STNDWIK6KS,0
ID_LOUVMJ6TJQ,0
ID_2YDPCLTQKP,0
ID_7M3NEUA2IA,0
ID_ZECJULA8P6,0
ID_YZ40V9Y5Z7,0
ID_J2ILUT1GO5,0
ID_HQAY0L34P9,0
ID_WQCN0UWYS7,0
ID_8FO17XQBE3,0
ID_CLYGPBXC0O,0
ID_IOYH71FQZP,0
ID_UXLFGE6S2Q,0
ID_0OXX95T40K,0
ID_YVSFXV9NRT,0
ID_69AFBKS2R8,0
ID_IERT632LWQ,0
ID_LJ4ON5876B,0
ID_700O1XGYKB,0
ID_0EJPLQSN09,0
ID_ZIIJNA6JDL,0
ID_0F88VE4V6D,0
ID_XN8IYL3LTF,0
ID_QL54RKMFZ5,0
ID_83Z2MC7ED9,0
ID_THJO8DC7CY,0
ID_C25ECXSO5C,0
ID_3388C4G1B2,0
ID_HA8KR6JC7G,0
ID_U43DP09PRQ,0
ID_78Y8KBM3D7,0
ID_Z2ZY9YFAIX,0
ID_ONZO898AOM,0
ID_FVDFWKY2V8,0
ID_HXQ85D0Y9S,0
ID_R9FYFYVLEX,0
ID_JVVVTI6ZN2,0
ID_GXW0L9JXLZ,0
ID_3MY9XHGO2C,0
ID_T7YE0LC7N3,0
ID_5XMA4VX3TB,0
ID_YNFQZP85SS,0
ID_N19NXVJXG3,0
ID_W2VN1E4AUK,0
ID_B1GMLO78L9,0
ID_LAQBIXSPTG,0
ID_5GHDCRASO6,0
ID_RVPQVFAW9V,0
ID_E5385KBVT6,0
ID_VJDCJ9GL3O,0
ID_6A5D5MMUNQ,0
ID_I90TG054Y4,0
ID_82TG3CH194,0
ID_WGW2NFO7W3,0
ID_8QAQOIA6HM,0
ID_7WEXEGYG4N,0
ID_FY7EYFKH4X,0
ID_FRN0IO95FI,0
ID_68TW73HQUR,0
ID_D8CIU0V17E,0
ID_5QJOR5HOSE,0
ID_MXYEF6YNUL,0
ID_PH1LQCSZVJ,0
ID_UKIYFIUYWL,0
ID_MPJMY8EUU5,0
ID_WQFKQJF7VU,0
ID_J4Y1LV3UH3,0
ID_263YOL8095,0
ID_XTCH6STDM6,0
ID_4TU8XDEH4Z,0
ID_L5NT5EBTRW,0
ID_FS0N4A37YQ,0
ID_35E4PL0WCM,0
ID_330JO6WDMW,0
ID_A5I37OWXOR,0
ID_B2DT29AWBX,0
ID_AINW0337SH,0
ID_D25EJ4UKJF,0
ID_EOSB9Y47XN,0
ID_2AFL4P358R,0
ID_VPZSJI4HIE,0
ID_5AE27AKU8I,0
ID_6XCOOB6V14,0
ID_2PQFHYK5WO,0
ID_976ZVCH6R1,0
ID_HW6AVUGAB3,0
ID_FJSJC76X3O,0
ID_IJTBIDZ69I,0
ID_R2U114ZQ24,0
ID_SCFW9M5HVM,0
ID_5V7NNEKTO6,0
ID_CPUZFMBN93,0
ID_RP1LN27H63,0
ID_WBMQ0C1PU4,0
ID_ZPLY0SQZKO,0
ID_Y8UI0MZ6JU,0
ID_RVIUB1AICA,0
ID_Y03R1A9UHI,0
ID_ZXG137D50O,0
ID_YGGUZX111D,0
ID_TOK6N79V6X,0
ID_N0NO9YFS07,0
ID_YSJ36XPRDX,0
ID_QQIRX08A28,0
ID_86BJW83K1T,0
ID_GBIXW479HQ,0
ID_1KU1EHSHVO,0
ID_7UKJY4J4O8,0
ID_OSWCPC1ZWU,0
ID_RBF9HJARIR,0
ID_4M1IBXQN6G,0
ID_220MSXB16X,0
ID_EC5P4RLMIQ,0
ID_EK5BHVBNVU,0
ID_4QJTD5EBQR,0
ID_VDQGKP5BDU,0
ID_8E2RVI7PXJ,0
ID_PLAV8VB7ZX,0
ID_FNU1HE9Y4B,0
ID_09XOTVMNB9,0
ID_BY5M8XA6VC,0
ID_OBPT1NDDRH,0
ID_XUGMUEX6Q0,0
ID_VP63PNRMM1,0
ID_73YVEPR14H,0
ID_WR6TNU8R7P,0
ID_2WGXQSHVWI,0
ID_TAANTWO8XU,0
ID_L4L0KW6E5A,0
ID_8WQ374RPCN,0
ID_W79M6CJABM,0
ID_4US88CWADE,0
ID_UXRRKHT2CS,0
ID_Q81FAI0RZ8,0
ID_ILXQRIIB3S,0
ID_M6WV7S5GV2,0
ID_BNW8T7DWU7,0
ID_FVDHPJD4MJ,0
ID_XOVPG1N8E9,0
ID_EK6V2TZ5MQ,0
ID_VOGP1B32MG,0
ID_9U1HFOR9HS,0
ID_17FRY1A31J,0
ID_SOT6MQEL5J,0
ID_VZPWTV9ZDH,0
ID_EXFNMWHYAJ,0
ID_ZLS3S84094,0
ID_4L809K21I7,0
ID_CCRBISG54L,0
ID_YUXZSG4354,0
ID_MEWNR6MV3X,0
ID_A1BPYVJCRR,0
ID_86HQFXNO3K,0
ID_04A1EE5QJV,0
ID_7C0KL0YAG5,0
ID_XBJN6D4XR9,0
ID_B2FXY0KKLS,0
ID_Q1Y55BSLNP,0
ID_QRGLVSL8FT,0
ID_41010H8LQ7,0
ID_03OU2SA1OL,0
ID_0H0ZQRDLL4,0
ID_HQNMAN2N7I,0
ID_066T91F3NJ,0
ID_WGLCLSD1KW,0
ID_D5HAATMYJC,0
ID_RZLWP629IA,0
ID_GTCTMUYYDW,0
ID_L9095USU70,0
ID_B4MBILXQK9,0
ID_G0Q5ZVGHJO,0
ID_D6IZUKG43A,0
ID_RXOJ1QAG0T,0
ID_HCQSC250Z4,0
ID_IW468JVF53,0
ID_SVHC8ZG5HW,0
ID_ZR814IGVNC,0
ID_CSPX4ZQ4DM,0
ID_2DS10WCJH6,0
ID_OPDUUYPMYS,0
ID_904PMFJXNG,0
ID_0LIAMI7UP1,0
ID_O8VIP0QWXQ,0
ID_TVL3I13PEB,0
ID_SS2UU2CWPW,0
ID_CFRNJWJ7B1,0
ID_2QB4MC6635,0
ID_ALI81SF04W,0
ID_1PY9B1684F,0
ID_ILMYZCHW0Z,0
ID_VVGLB1SCP3,0
ID_C0EX1TJHXH,0
ID_X0NY1ZTP6Z,0
ID_UFKT6J2ACV,0
ID_GI0JL0672Q,0
ID_Q23XGAB4TP,0
ID_U0I9JTLKBP,0
ID_0E2BFLY4T6,0
ID_P6QN59TZ8W,0
ID_X3MM27ECC8,0
ID_CZL019J2V3,0
ID_1JF3LV2UVZ,0
ID_2EMHL03YPV,0
ID_OMUK5XAQFV,0
ID_7O7A1AUSZG,0
ID_949LVPDFFI,0
ID_A8S6AVEXPB,0
ID_ADNWU3GUS1,0
ID_YK8MZGX73X,0
ID_VX2E0YDBP8,0
ID_EWWUR66H5J,0
ID_TINQ866BMZ,0
ID_X228QKP6L9,0
ID_7OZUHANMLA,0
ID_G7ORJT57ZR,0
ID_IX3RHQP8L5,0
ID_JKPZ3H2P76,0
ID_R2I3JDPAEI,0
ID_7B0UAZMJ2P,0
ID_0TZLRR2G9B,0
ID_GYNPDH1QMA,0
ID_YAMQI68D7Q,0
ID_TAKO1DZL8N,0
ID_PQRS2RN4TL,0
ID_AGTSX02KWI,0
ID_HSHB5C8AVN,0
ID_B18G9HCM67,0
ID_YKAS94ERQK,0
ID_DTRPXTZNRO,0
ID_PLL7XIZW0M,0
ID_EMPQ2LV7J7,0
ID_6H83O9R9ID,0
ID_NLAAUTDD7T,0
ID_B1DKEW1CKI,0
ID_7S3RYQO061,0
ID_9EEK9F0BL2,0
ID_I05C8HKU95,0
ID_1GBKYEBQ87,0
ID_B69KPXBPH4,0
ID_KJSAIZAI8B,0
ID_WY99OM9I2S,0
ID_MTVTPN28I6,0
ID_SWQR0NKE60,0
ID_2A2N2GORZS,0
ID_1Q899X6IOJ,0
ID_6993F28R04,0
ID_0P11RLVXKB,0
ID_YT3JXP1HLC,0
ID_S6VGWGE7AP,0
ID_OO4Q1UGTY0,0
ID_JSMCQAR2OS,0
ID_EN8UEIRJOO,0
ID_7R9AFT1XQX,0
ID_NDOO65RXF0,0
ID_SE7HQ787GZ,0
ID_IN3JIILX69,0
ID_HZ2V7GLO4J,0
ID_1NCLV0CDVF,0
ID_26FSXT111S,0
ID_WLFECF7W0H,0
ID_9NOAEVJA00,0
ID_XIXCG6FDJC,0
ID_5WSGOEZJR5,0
ID_ME8RCJOBXB,0
ID_05290HCJ14,0
ID_H6BD6BFAB4,0
ID_I70XQGH6D3,0
ID_O9DE1OPFWF,0
ID_9TECL4KQUS,0
ID_17FYKB7S8V,0
ID_MP9JVRASB4,0
ID_8BRMD0C5AM,0
ID_QXF0JS96ZG,0
ID_C43BJ1DKQ8,0
ID_ZIA8M68L90,0
ID_7JVLYLH73K,0
ID_BL53OJA5W1,0
ID_OPKIA6MTM2,0
ID_VLP77DVIFX,0
ID_AMEDVLN7JE,0
ID_YOL0G68OFB,0
ID_A124B74E54,0
ID_IFVAJMXGDH,0
ID_KY4IAFWJZY,0
ID_YQ8YVMMCYB,0
ID_IJFY2H4LI1,0
ID_7UMADJJWRG,0
ID_3E7KH74OPM,0
ID_MU9XE5A39C,0
ID_OSAMM86QEX,0
ID_TVINDWJNZW,0
ID_E0JEE711CR,0
ID_QXKXPC85WE,0
ID_J3CW143QJ8,0
ID_10HW82Z92S,0
ID_VDZWOAUZ4I,0
ID_GMZRWEJ99F,0
ID_85L9UENJJ0,0
ID_1AC3X2LHO7,0
ID_BL53A09FLA,0
ID_2Z5NK0EFRD,0
ID_YZ9D90C21B,0
ID_RMAIVFJHFS,0
ID_DHUQT216H1,0
ID_8GEMUQC2IB,0
ID_Z4UC0A0J8B,0
ID_AFHO2JOI3B,0
ID_TV8YO44BWR,0
ID_4U3SG9T3GB,0
ID_3YI6A2G9WD,0
ID_PRJJP5Z4YZ,0
ID_QQ1XJ444H7,0
ID_3EJ0RT55WB,0
ID_VHSK45ZWMO,0
ID_LLVXIF4DZV,0
ID_YJ87C9N3SP,0
ID_Z5XEPP3EXN,0
ID_MTV9APNWGG,0
ID_IHY8E8FUAT,0
ID_4E8EWYU23M,0
ID_26RBZ26VAJ,0
ID_7SPSI2LR19,0
ID_IOKC5RVYD5,0
ID_G93O3DOA2G,0
ID_ZIJKYBSBEP,0
ID_ZF5R7IGFZI,0
ID_PH3M0GG9TJ,0
ID_00D19K4PN8,0
ID_2JVA6A5UFG,0
ID_ZMAOUUX72B,0
ID_64QHHJDJ2H,0
ID_28TRXBUMYG,0
ID_C52871SXVL,0
ID_Q8NV341T7Y,0
ID_SUA57PEI9P,0
ID_FMQS5KW77F,0
ID_O8SYJ65S0C,0
ID_MM2BVO5OA0,0
ID_X2DPBR9QG5,0
ID_MBVLRYXQII,0
ID_LNLZ0UWI8F,0
ID_50NX4JGQEX,0
ID_39NTAZ6Y9A,0
ID_R38YYP6YVH,0
ID_YVB5EECQ0D,0
ID_WCJ9EBVUCQ,0
ID_FI7DQG0ECK,0
ID_1QNIUUI14W,0
ID_BVV14X6TGM,0
ID_0BGQLM7O34,0
ID_0WT48PO2NV,0
ID_87ORVG5PRY,0
ID_0P5J2OE5MD,0
ID_WVMSBI068F,0
ID_T0IWRAD1V8,0
ID_A4FM9S6D9T,0
ID_O2I8H03ATN,0
ID_XFEW4J5ZCD,0
ID_2R0IH68KMD,0
ID_P7QV8G9BZY,0
ID_RFY1IPOP8H,0
ID_KIBYQIK1ZD,0
ID_9HD5QNI12X,0
ID_9G8RTDQUBT,0
ID_8ZBJW5BYF8,0
ID_YMBJKV29E8,0
ID_DTU5SU41GA,0
ID_8TEVDH2XF2,0
ID_YAYWEEXNL7,0
ID_V3OFEZEE4A,0
ID_6T7PPMQFND,0
ID_57XWI62VK5,0
ID_9NEP3FPDJV,0
ID_S3JX79UIM7,0
ID_UMHU51EPZ5,0
ID_T7LM5S6844,0
ID_EYQ1C9BVQQ,0
ID_L1AN76ADGV,0
ID_SA8TMIK6K9,0
ID_IDGT0XRB9S,0
ID_H7CDLD6FLP,0
ID_XE01LO13VE,0
ID_03AQMOEF38,0
ID_YQ0B6I42GT,0
ID_DC2AKY4ZJQ,0
ID_KOR8MLQOOC,0
ID_MRYVX78O08,0
ID_QQ80NKCUIX,0
ID_RAU32M7OK8,0
ID_F06EJHO818,0
ID_L70RX1A4HO,0
ID_EAFDDODOHD,0
ID_LZ33V9UKQD,0
ID_7ZAWR7TNF1,0
ID_J6YQCH3T0H,0
ID_FUQH74209W,0
ID_RKS2HQ32EG,0
ID_GP638NISJE,0
ID_MK2KAZCQS8,0
ID_BLFISYF7JF,0
ID_QX3LS3VN0A,0
ID_D90AKJFBPN,0
ID_7TC4ASNKIQ,0
ID_1V35U3NZVT,0
ID_SE8RK2Y0CX,0
ID_H6KR8R9ZF4,0
ID_G9B5ZKA2K5,0
ID_5JKD223YRE,0
ID_8N8TPGBHQC,0
ID_09DOGT04B2,0
ID_1IH2PUMV2P,0
ID_FV82X2HYMG,0
ID_DPHTW1I6JB,0
ID_1KP7L6OBM7,0
ID_1RJS0SXFJP,0
ID_U9L8ZHMR1J,0
ID_CPW5WB00KZ,0
ID_4MQSKM3C6X,0
ID_IY42199F60,0
ID_Y6WVR5V7UL,0
ID_ZQ7HXWIJLQ,0
ID_SWYQQ4X68I,0
ID_3RKKS84C8S,0
ID_YONTPBL49H,0
ID_OKQGXL12QI,0
ID_Y5Z3DU9BTF,0
ID_W0RPJ9EP60,0
ID_3A5C490FAJ,0
ID_WCFPOCP71V,0
ID_P6OKEZHH59,0
ID_K2847WKNH2,0
ID_LN40V58KDX,0
ID_CA3VOGH9PS,0
ID_D0XQT5HDBT,0
ID_WDQWJX0734,0
ID_56DAH8A4IG,0
ID_LSY3281PQL,0
ID_VUPHGKE5YA,0
ID_2SLUJIPKU2,0
ID_M17NP5BTRE,0
ID_38CZ40RVWK,0
ID_RQDXEDGY5H,0
ID_GTTGZ6FL53,0
ID_8R2L8K9M29,0
ID_CLZQUORMVG,0
ID_3W75HPOYRA,0
ID_0AI94OFW7G,0
ID_MKMH4L9QZM,0
ID_LM23PTZEFP,0
ID_2S2SAIFGXT,0
ID_PEOIMBND7X,0
ID_1B3SA423BX,0
ID_KL6DRAB2IY,0
ID_6P1YZ7Y5V8,0
ID_38VYVT9M2A,0
ID_UK5P9NRGB9,0
ID_T3SJ10KSI6,0
ID_MT3R0ZGXF4,0
ID_ZIWQAFWRLU,0
ID_HLSOCIRDIO,0
ID_UCIMM38TGU,0
ID_EHIMUOQSG5,0
ID_IHHLYWQGNG,0
ID_XT4E5PTMJ0,0
ID_HMZ95NCU74,0
ID_3ZPZYUTYB1,0
ID_5XG96Z983X,0
ID_URNMHKAEHF,0
ID_25NJC1JUD6,0
ID_Y0LQAV5Y4S,0
ID_6MOCSKT4GA,0
ID_GOKNC1U1DA,0
ID_YY6CUC5S5G,0
ID_VZX9091XIW,0
ID_51ANLSNWNE,0
ID_V6KDQ2SDU6,0
ID_XMCS3GA1K3,0
ID_XIB4527MKP,0
ID_UHF4F7JIXX,0
ID_ISDDWMU0F4,0
ID_1V61IUW26S,0
ID_GJ0274KC82,0
ID_XIO3UJD9LU,0
ID_4ZC804YPOG,0
ID_80Q6IPF1FJ,0
ID_44XXWYBGTY,0
ID_PV32HJ4RFC,0
ID_1TWVBGO2DN,0
ID_GTKXELEDF9,0
ID_D83ZGC8EOV,0
ID_V4KKXLAE26,0
ID_KYYXHJCMJZ,0
ID_WXV7UDP1T0,0
ID_NO7WY0LDW4,0
ID_TYYLR88475,0
ID_6VGW8TZ5WT,0
ID_0Q858QZKK7,0
ID_R44FD2J62H,0
ID_V2SLHWQNAU,0
ID_0S2522VSU5,0
ID_NUQDNTXY6N,0
ID_NYL1PX9HAD,0
ID_MJOMLPXIGU,0
ID_UC4LMWBDPM,0
ID_ZVY4JMSXC2,0
ID_QRZQIN1W4M,0
ID_0T5DYQ812Q,0
ID_2UCOYFK1IE,0
ID_01ALZXP0DJ,0
ID_U1XHAMRIVH,0
ID_V77YWOYLCG,0
ID_MHR8CACSBF,0
ID_E5NTGBJTE3,0
ID_VJUAVF37T1,0
ID_Q3BMKQSCTG,0
ID_W7CCZQGVGC,0
ID_F1NOTWAKRG,0
ID_Q9PJXTNR0F,0
ID_F8HO4J22V6,0
ID_78PPSY5ZLV,0
ID_I2J1SDB80H,0
ID_Z5DF2281S4,0
ID_88URUCX2PI,0
ID_46V2XEXWF2,0
ID_SJ2SNQTZ17,0
ID_7R5C46B4M2,0
ID_IR30IMBJFH,0
ID_JLUSFVOMDT,0
ID_K038OUY2K8,0
ID_8DX3Z07736,0
ID_DID07H2B4W,0
ID_UGL3VO65P3,0
ID_4L0R97K5PX,0
ID_ZWPTQFL4D1,0
ID_3T5TM216B0,0
ID_ZRW3O6IFQ3,0
ID_YVG37OZYSP,0
ID_FJRIEEUY7X,0
ID_T5DIL980Z2,0
ID_DOU51HILON,0
ID_90AVIB4MKJ,0
ID_YY5HY9OD7Z,0
ID_HI0KDBKWL1,0
ID_V5ZTXA5TEF,0
ID_H5N933BEAU,0
ID_M4RINI5QHF,0
ID_NXR8FMNN62,0
ID_MG13RZJDWV,0
ID_NZFG7QL5EX,0
ID_DU50FEXDBO,0
ID_15F81TZRQA,0
ID_439O0W1CYV,0
ID_TYZMIF6WP6,0
ID_ABF3N1F7A2,0
ID_12RZLDC74M,0
ID_T1PF3GOCCK,0
ID_A8DY92FB8B,0
ID_4LJD8SHI19,0
ID_F2ZL0PD44R,0
ID_JPLZ154J6J,0
ID_4VYEV14MQ7,0
ID_L5E8PY25CI,0
ID_U5BJYWWBYI,0
ID_HTP1KIIEE9,0
ID_BY1FWKFPE5,0
ID_NECM58T0LT,0
ID_WNQCOO89VT,0
ID_6NXSRSY45V,0
ID_K5TJ2I93U7,0
ID_F7SJY3X73V,0
ID_FZ7YTH9N6G,0
ID_KFAQ37U5KM,0
ID_W7SOHH7C23,0
ID_YDSKM53MRU,0
ID_8G76Y91K7A,0
ID_XGHE9XAV9B,0
ID_NQQMAZUPF9,0
ID_Q3I30OAJQV,0
ID_9FY15LVF4K,0
ID_7T196K1F7B,0
ID_IQ2ZAN6538,0
ID_5LA9S29SEM,0
ID_NR0AL0BT2W,0
ID_7JZMNJ07A3,0
ID_PGKNOK35W4,0
ID_WJ7GOLMR2Z,0
ID_TT55WPTHYS,0
ID_71Q3BSO243,0
ID_SYXPQIT2CD,0
ID_8AHQPMIK8Q,0
ID_MRQ7XA1MPK,0
ID_K7V1T3QY77,0
ID_WXA72RNS9G,0
ID_V4EQR1HZXV,0
ID_OOJLW21EHO,0
ID_CQIU5GTRLA,0
ID_CN2GULDE9P,0
ID_6WNGFMX907,0
ID_RY2K6SYS6K,0
ID_ON6OHUHXYK,0
ID_7P27IJBF4Q,0
ID_IJYE9UE7YP,0
ID_D08WXEHK2R,0
ID_V7OQFWQBJI,0
ID_XQMEMIIDEB,0
ID_N86RITO6ZQ,0
ID_58DCOSO6NP,0
ID_NS9HATJADA,0
ID_ALQ8H9RJS0,0
ID_FGRLMQKDXV,0
ID_XDUJT26S2C,0
ID_G137JWVL0B,0
ID_G5Z5UTVYMX,0
ID_OL26QR0086,0
ID_3XTJWE6WJ6,0
ID_MFHABMQIG3,0
ID_JRBQ7UXEUN,0
ID_TQYE8J0RSN,0
ID_GC9P6K1ZY4,0
ID_1101XVFSNJ,0
ID_XIFA2AQ2G0,0
ID_QTT8OLSGNE,0
ID_KLTI3XPX6G,0
ID_U4W82YJ3A8,0
ID_TN140AYJJ3,0
ID_BZWH2N1SDS,0
ID_K4CT1SCKBD,0
ID_XM25GEU5H5,0
ID_VD19XPMYMI,0
ID_BP815U21JH,0
ID_VNU24RHXWI,0
ID_8OJ2TGVZIJ,0
ID_WH2YRI9ZY2,0
ID_BIY5G62HVY,0
ID_V7D7S797NJ,0
ID_XJ6KMJORZI,0
ID_EUHIAJVMDS,0
ID_3M1P3Y0GJE,0
ID_3TZH32UZF0,0
ID_V7I60HY8XG,0
ID_KX6S9M84EX,0
ID_ZJVTFLHZ1R,0
ID_0TFZ5DTXVV,0
ID_IX5DYQ47RM,0
ID_CRZ14QR0OX,0
ID_REA50SKTH1,0
ID_73EIBK6P4H,0
ID_BETZNYR8HS,0
ID_TC3RDQ2QQC,0
ID_A2GH0TOSH0,0
ID_IKQK08S24O,0
ID_AJ1QJFLODL,0
ID_4ETZ7LUPOF,0
ID_4SO6F9QJ0D,0
ID_XQU79QAFG0,0
ID_IJ25GC6W5A,0
ID_YT8476TTL1,0
ID_NYKGOYFBKZ,0
ID_IWO4EVLHSQ,0
ID_G1M1IMY9WU,0
ID_DXV65Q1QXI,0
ID_RY4ONQKO9E,0
